PARENT_EMPLOYER,certified_positions,filing_entities,applications,median_annual_wage
Amazon,5019,12,1119,147400.0
Cgi Technologies And Solutions Inc.,1613,1,45,118310.0
Federal Home Loan Mortgage Corporation,487,1,63,129314.0
"Capital One Services, Llc",289,1,289,131155.0
"Capital One, National Association",282,1,282,115939.0
"Hexaware Technologies, Inc.",161,1,161,112466.0
"Cisco Systems, Inc.",149,1,13,146000.0
Ernst & Young U.S. Llp,146,1,146,155926.0
Deloitte Consulting Llp,97,1,45,165000.0
Navy Federal Credit Union,89,1,89,150176.0
Cognizant Technology Solutions Us Corp,60,1,60,128461.0
"Micron Technology, Inc.",59,1,59,115031.0
Cgi Federal Inc.,55,1,6,126090.0
Howard Hughes Medical Institute,51,1,23,83513.0
Kforce Inc. ,50,1,5,126090.0
Deloitte & Touche Llp,45,1,21,99403.0
"Compunnel Software Group, Inc",42,1,42,126550.0
Deloitte Tax Llp,41,1,19,92800.0
"Comcast Cable Communications, Llc",41,1,41,175427.0
Meritore Technologies Llc,40,1,4,113756.0
"Wal-Mart Associates, Inc.",39,1,39,160349.0
Government Employee Insurance Company (Geico),37,1,37,180000.0
"Asurion, Llc",30,1,30,180432.0
"Granules Pharmaceuticals, Inc.",29,1,29,63690.0
Infosys Limited,25,1,9,118310.0
George Mason University,25,1,25,99000.0
Microsoft Corporation,23,1,23,170000.0
Aws Security Assurances Services Llc,21,1,3,153600.0
"Antra, Inc.",20,1,20,101500.0
Idexcel Inc,20,1,20,122150.0
"S.W.I.F.T., Inc.",19,1,19,158839.0
"Ste Idirect, Inc.",18,1,18,173839.0
Interon It Solutions Llc,18,1,18,126090.0
Rei Systems Inc.,17,1,17,163975.0
Promatrix Corp,17,1,17,112500.0
Hcl America Inc,17,1,17,128461.0
Inova Health Care Services,17,1,17,166786.0
Google Llc,16,1,16,179350.0
"Icf Incorporated, Llc",16,1,16,126648.0
Visa Technology & Operations Llc,16,1,16,151334.0
Itstac Llc,16,1,16,91582.0
Strategy Incorporated,14,1,14,125804.0
"M.C. Dean, Inc.",14,1,14,112500.0
"Nodal Exchange, Llc",13,1,13,157000.0
Tata Consultancy Services Limited,13,2,13,91125.0
"Salesforce, Inc.",13,1,13,221731.0
Appian Corporation,13,1,11,156256.0
O3 Technology Solutions Llc,13,1,13,112466.0
Moxie It Solutions Inc,13,1,13,101500.0
"22Nd Century Technologies, Inc.",12,1,12,78500.0
"T-Mobile Usa, Inc.",12,1,12,154749.0
Granules Pharmaceuticals Inc.,12,1,12,112500.0
Karsun Solutions Llc,12,1,12,105750.0
Crosscountry Consulting Llc,12,1,12,119000.0
Jacobs Engineering Group Inc.,11,1,11,93150.0
"I-Link Solutions, Inc.",11,1,11,126880.0
Cvs Shared Services Resources Llc,11,1,11,137221.0
Federal National Mortgage Association,11,1,11,150758.0
Ignyte Group Inc.,11,1,3,109000.0
Accenture Llp,11,1,11,156900.0
"Riskspan, Inc.",11,1,11,116459.0
"Dulles Engineering, Inc",11,1,11,90938.0
Costar Realty Information Inc.,10,1,10,164646.0
Vista Applied Solutions Group Inc,10,1,10,126090.0
"Nivid Infotech, Inc.",10,1,10,100714.0
Caseguard Inc.,10,1,10,104541.0
Ajace Inc,10,2,10,121014.0
"Successfactors, Inc.",10,1,10,143080.0
Populus Group Llc,10,1,10,129480.0
Nvidia Corporation,10,1,10,175427.0
"Financial Industry Regulatory Authority, Inc.",10,1,10,163092.0
"Dpr Construction, A General Partnership",10,1,10,100016.0
Apptium Technologies Llc,9,1,9,115000.0
"Icf Resources, Llc",9,1,9,102457.0
"Ofinno, Llc",9,1,9,155000.0
"Uniplus Consultants, Inc.",9,1,9,106454.0
"Oracle America, Inc.",9,1,9,150758.0
Ibm Corporation,9,1,9,169978.0
"Northstar Group, Inc",9,1,9,104083.0
Prime S4 Technologies Llc,9,2,9,175427.0
Aceintegrator Inc,9,1,9,101421.0
Guidehouse Digital Llc,8,1,8,136401.0
Htms Inc,8,1,8,91582.0
Esolutionsfirst Llc,8,1,8,128253.0
Alpha 20 Group Llc,8,1,8,126090.0
"Verisign, Inc.",8,1,8,172560.0
Ramsai Software Solutions Inc,8,2,8,126090.0
"Cvent, Inc.",8,1,8,137739.0
Usm Business Sytems Inc,8,1,8,122200.0
Wipro Limited,8,1,8,107456.0
Yahoo Holdings Inc.,8,1,8,175427.0
"V-Soft Consulting Group, Inc",8,1,8,127000.0
"Workday, Inc.",8,1,8,156200.0
Istream Solutions Inc,8,1,8,112466.0
"Aktra, Inc.",8,1,8,95750.0
Nectar Info Tek Llc,8,1,8,105250.0
Zillion Technologies Llc.,8,1,8,126090.0
Blueridge Dynamic Solutions,7,1,7,115939.0
Telus International Digital Solutions Llc,7,1,7,150758.0
"Aol Media, Llc",7,1,7,179000.0
National Railroad Passenger Corporation,7,1,7,137700.0
Raas Infotek Llc,7,1,7,126100.0
Softrams Llc,7,1,7,173721.0
Turner Construction Company ,7,1,7,108451.0
Artifint Technologies Llc,7,1,7,101421.0
Digital Management Llc,7,1,7,136822.0
Amiti Consulting Inc,7,2,7,97344.0
Transunion Llc,7,1,7,150758.0
"Folio Financial, Inc.",7,1,7,117100.0
China Telecom (Americas) Corporation,7,2,7,68320.0
Alexandria City Public Schools,7,1,7,88587.0
Sqa Concepts Inc. ,7,1,7,126250.0
"Berkley Technology Services, Llc",7,1,7,126464.0
"Ascendion, Inc. (Formerly Known As Collabera, Inc.)",7,1,7,144500.0
Mastercard International Incorporated,7,1,7,130811.0
Virginia Polytechnic Institute & State University,7,1,7,65000.0
Biswas Information Technology Solutions Inc.,6,2,6,92500.0
Unisys Corporation,6,1,6,136600.0
Endeavour Technologies Inc,6,1,6,101500.0
Aetna Resources Llc,6,1,6,159261.0
Venture Global Lng Inc.,6,1,6,160000.0
"Sriven Technologies, Llc.",6,1,6,126100.0
"Ekin Solutions, Inc.",6,1,6,126150.0
Science Applications International Corporation,6,1,6,181814.0
Incept Data Solutions Inc,6,1,6,97344.0
"Rummel, Klepper & Kahl, Llp",6,1,6,103511.0
Wynbit Inc,6,1,6,126090.0
"Technogen, Inc.",6,1,6,126090.0
Trenmor Llc,6,1,6,114296.0
"Ovs Technologies, Inc.",6,1,6,126090.0
"Transaction Network Services, Inc. ",6,1,6,152500.0
"Hdr Engineering, Inc.",5,1,5,95410.0
"Ses Americom, Inc.",5,1,5,99376.0
"Cloud Bc Labs, Inc",5,1,5,107000.0
Nantez Inc,5,1,5,107000.0
Govin Technologies Llc,5,1,5,112466.0
Vass Inc.,5,1,5,104083.0
Seer Solutions Inc,5,1,5,126090.0
"Ca, Inc.",5,1,1,162528.0
Pentagon Federal Credit Union,5,1,5,183265.0
Ipivot Llc,5,1,5,122699.0
Abeyon Llc,5,1,5,112466.0
"The Pnc Financial Services Group, Inc.",5,1,5,189488.0
Maxary Llc,5,1,5,91582.0
Msr Technology Group Llc,5,1,5,126090.0
"Palo Alto Networks, Inc.",5,1,5,108020.0
Vmware Llc,5,1,1,175427.0
"Agr, Llc",5,1,5,108347.0
"Carfax, Inc.",5,1,5,127750.0
Airline Tariff Publishing Company (Atpco),5,1,5,143600.0
"Novagigs, Inc.",5,1,5,105000.0
"Tech Tammina, Llc",5,1,5,126090.0
"I360 Holdings, Llc",5,1,5,130000.0
"Wells Fargo Bank, N.A.",5,2,5,167000.0
Morgan Stanley Services Group Inc.,5,1,5,156000.0
"Meta Platforms, Inc",5,1,5,188000.0
Ltimindtree Limited,5,1,5,118311.0
"Blue Lotus Systems, Inc.",5,1,5,102000.0
Global Alliant Inc,5,1,5,126090.0
Softworld Technologies Llc,5,1,5,101500.0
Xpand Corporation,5,1,5,146154.0
"Sap America, Inc.",5,1,5,182791.0
Hewlett Packard Enterprise Company,5,1,5,163030.0
Manassas Park City Schools,5,1,5,64683.0
Db Usa Core Corporation,5,1,5,129000.0
"System Soft Technologies, Llc",5,1,5,92000.0
Skilltune Technologies Inc,5,1,5,91585.0
Metropolitan Washington Airports Authority,4,1,4,164469.0
Sky Solutions Llc,4,1,4,128045.0
Sky Technologies Llc,4,1,4,133350.0
Evolent Health Llc,4,1,4,157879.0
Navitas Business Consulting Inc,4,1,4,126090.0
"Squad Software, Inc.",4,1,4,115939.0
"Avco Consulting, Inc.",4,1,4,121222.0
Transcend It Solutions Llc.,4,1,4,93776.0
Career Soft Solutions Inc,4,1,4,126090.0
Carfax Admin Llc,4,1,4,98375.0
"Denken Solutions, Inc.",4,1,4,140400.0
"Green Brilliance, Llc",4,1,4,145278.0
Siri Software Solutions Llc,4,1,4,96502.0
Mphasis Corporation,4,1,4,130000.0
U.S. Bank National Association,4,2,4,149616.0
"Everbridge, Inc.",4,1,4,180000.0
Bechtel Global Corporation,4,1,4,119334.0
"Bloomberg Industry Group, Inc.",4,1,4,152100.0
Bechtel Enterprises Inc.,4,1,4,188562.0
Gartner Inc,4,1,4,161583.0
Federal Express Corporation,4,1,4,151316.0
"Experis Us, Llc",4,1,4,140119.0
"Attainx, Inc.",4,1,4,101421.0
"Cambium Assessment, Inc.",4,1,4,165111.0
Bbi Law Group P.C.,4,1,4,77106.0
Pncotech Llc.,4,1,4,100610.0
Pinnacle Education Services Inc.,4,1,4,74002.0
Synechron Inc.,4,1,4,116246.0
Kbyte System Llc,4,1,4,95628.0
Enliven Technologies Inc,4,1,4,126090.0
Accenture Infrastructure And Capital Projects Llc,4,1,4,87000.0
"Leidos, Inc.",4,1,4,129000.0
O'Grady Peyton International,4,1,2,79040.0
Kpmg Llp,4,1,4,136078.0
Ellucian Company Llc,4,1,4,129898.0
Hitachi Digital Services Llc,4,1,4,118310.0
"Ampcus, Inc.",4,1,4,108230.0
Satin Solutions Llc,4,1,4,102030.0
"Comtek Global, Inc.",4,1,4,113755.0
Dpr Solutions Inc,4,2,4,94370.0
Cyber Infotech Llc,4,1,4,111250.0
"Sapphire Software Services, Inc.",4,1,4,112468.0
"Qualtrics, Llc",4,1,4,212500.0
Pycube Inc,4,1,4,91582.0
Humana Inc.,4,1,4,130406.0
"Saipsit, Inc.",4,1,4,116295.0
Wit Inc. ,4,1,4,108160.0
Pacific Consultancy Services Llc,4,1,4,101460.0
Conservation International,4,1,4,75855.0
"Agiletrailblazers, Llc",4,1,4,121014.0
"Tech Wish, Llc",4,1,4,126500.0
Econtenti Inc,4,1,4,126090.0
Ai Technologies Llc,4,1,4,94942.0
"Dekra Certification, Inc.",4,1,4,85530.0
Vision It Usa Inc.,4,1,4,106500.0
"Airbus Americas Customer Services, Inc.",4,1,4,95850.0
"Hazen And Sawyer, D.P.C.",4,1,4,135739.0
"Texperts, Inc. ",4,1,4,99840.0
"Rebel Idealist, Inc.",4,1,4,159600.0
Deloitte Services Lp,4,1,2,167219.0
"Entagile, Llc",4,1,4,115500.0
"Optum Services, Inc. ",4,1,4,130922.0
"Okta, Inc. ",4,1,4,169395.0
Viacore Technologies Inc,4,1,4,91800.0
"Artech, Llc",4,1,4,140005.0
"Devfi, Inc.",4,1,4,122250.0
"Mastercard Technologies, Llc",4,1,4,126090.0
Delphic Software Solutions Inc,4,1,4,126100.0
"Applied Predictive Technologies, Inc.",4,1,4,155500.0
Code Connect Inc,4,1,4,94942.0
"Synechron, Inc.",4,1,4,114586.0
"Inovalon, Inc.",4,1,4,122764.0
Oakton Technologies Llc,4,1,4,91582.0
Nest Technologies Corporation,4,2,4,112405.0
"Fluence Energy, Llc",3,1,3,128750.0
R3 Technology Inc ,3,1,3,116000.0
"Crowdstrike, Inc.",3,1,3,166197.0
Federal Soft Systems Inc.,3,1,3,101421.0
Cvent Inc.,3,1,3,131859.0
Delfers Business Solutions Inc.,3,1,3,120000.0
Softthink Solutions Inc,3,1,3,126880.0
Sunrise Senior Living Management Inc.,3,1,3,100069.0
Byteware Inc,3,1,3,150800.0
"Jacobs Engineering Group, Inc.",3,1,3,139656.0
"Relevantz Technology Services, Inc.",3,1,3,126500.0
Quantadigit Llc.,3,1,3,106454.0
Tanvi It Solutions Inc,3,1,3,110500.0
Dizer Corp,3,1,3,110240.0
Diyo Technologies Llc,3,1,3,127000.0
Dataflake Llc,3,1,3,126090.0
"Suffolk Construction Company, Inc.",3,1,3,91000.0
"Calix, Inc.",3,1,3,114483.0
Dpr Solutions Inc.,3,1,3,105000.0
"Erp Analysts, Inc.",3,1,3,118310.0
Successkpi Inc.,3,1,3,255000.0
"Energy Ventures Analysis, Inc.",3,1,3,121000.0
Expedent Corp,3,1,3,104100.0
The Sphere Institute ,3,1,3,103189.0
Jpmorgan Chase & Co.,3,1,3,190400.0
Btree Solutions Inc,3,1,3,126090.0
Everest Consulting Group Inc.,3,1,3,104083.0
Coforge Limited,3,1,3,94319.0
"Kaveree, Inc.",3,1,3,65291.0
The Rand Corporation,3,1,3,129402.0
"Maven, Inc.",3,1,3,130000.0
Teladoc Health Inc.,3,1,3,170872.0
"Cloudnova Technologies, Llc",3,1,3,126090.0
Staffbee Solutions Inc,3,1,3,124717.0
"Specialist Resources Global, Inc.",3,1,3,138286.0
Recursion Technologies Inc.,3,1,3,118310.0
Jz Structural Consulting Inc.,3,1,3,90938.0
Epsoft Technologies Llc,3,1,3,101421.0
"Mb It Associates, Llc",3,1,3,126090.0
Eniac Systems Inc,3,1,3,126090.0
"Commlaw Group, Pllc",3,1,3,124000.0
"Randstad Digital, Llc",3,1,3,126110.0
"Jonas Collections And Recovery, Inc.",3,1,3,135000.0
"Carilion Services, Inc. ",3,1,3,98738.0
Technova Systems Inc.,3,1,3,128461.0
Eficens Systems Inc,3,1,3,104100.0
"Pyramid Consulting, Inc.",3,1,3,88463.0
Conflux Systems Inc.,3,1,3,96000.0
Torrez Law Group,3,1,3,123157.0
Cloud Data Llc,3,1,3,101500.0
"Stratacent, Inc.",3,1,3,145392.0
"Techpro Solutions, Inc.",3,2,3,102000.0
Cdm Smith Inc.,3,1,3,90938.0
Ravin It Solutions Inc,3,1,3,106454.0
Techspec Solutions Llc,3,1,3,91582.0
Prime It Solutions,3,1,3,101425.0
Pvk Corporation,3,1,3,126090.0
"Electra.Aero, Inc.",3,1,3,190000.0
"Elevance Health, Inc.",3,1,3,182754.0
Mehar Solutions Corp.,3,1,3,126880.0
Software Enterprise Llc,3,1,3,118310.0
"Innova Solutions, Inc.",3,1,3,91582.0
"Nestlé Usa, Inc.",3,1,3,125000.0
"Isolvers, Inc.",3,1,3,154710.0
American College Of Radiology,3,1,3,155015.0
"Niha Technologies, Inc",3,1,3,115939.0
Saransh Inc,3,2,3,101500.0
Vmr Technologies Llc,3,1,3,126090.0
International Software Systems Inc,3,1,3,131810.0
Satsyil Corp,3,1,3,101500.0
New York Technology Partners Inc,3,1,3,98000.0
Anuja Ohri-Parikh Dmd Pc,3,1,3,97760.0
Visa U.S.A. Inc.,3,1,3,160500.0
Netline Technologies Llc.,3,1,3,107000.0
"Healthedge Software, Inc.",3,1,3,114187.0
Virginia University Of Science & Technology Inc.,3,1,3,84344.0
"Nestle Usa, Inc.",3,1,3,117824.0
"Apt Holdings, Llc ",3,1,3,97739.0
Halvik Corp.,3,1,3,101421.0
Vinci Education Corporation,3,1,3,67113.0
Pegasystems Inc.,3,1,3,176000.0
Secunetics Inc,3,1,3,105000.0
Artek Solutions Inc,3,1,3,92000.0
Gssr Inc,3,1,3,151000.0
"Gsk Solutions, Inc.",3,1,3,101421.0
Asclepius Solutions Inc.,3,1,3,107120.0
Navitas Business Consulting Inc.,3,1,3,121430.0
Asiacom Americas Inc.,3,1,3,66186.0
Assyst Inc. (Formerly Advanced Software Systems),3,1,3,126500.0
"Asta Crs, Inc.",3,1,3,116480.0
Natsoft Corporation,3,1,3,150758.0
"Granules Consumer Health, Llc",3,1,3,69763.0
Isoftech Inc,3,1,3,131000.0
American Association Of Motor Vehicle Administrators,3,1,3,165000.0
"Amdocs, Inc.",3,1,3,117000.0
Amalgam Technologies Inc,3,1,3,106912.0
"Indeed, Inc.",3,1,3,129667.0
2Nd Order Solutions Inc.,3,1,3,122000.0
Innovative Consulting Solutions Llc,3,1,3,126090.0
A12Xt Inc.,3,1,3,128125.0
"Zestfinance, Inc.",3,1,3,100000.0
"Zensar Technologies, Inc.",3,1,3,130000.0
"Infospan Global, Llc.",3,1,3,91582.0
"Yotta Systems, Inc.",3,1,3,116000.0
Ace Physical Therapy Llc,3,1,3,87000.0
Acetech Group Corporation,3,1,3,150758.0
"Yashco Systems, Inc.",3,1,3,137280.0
Index Analytics Llc,3,1,3,175427.0
"Independent Project Analysis, Inc.",3,1,3,93000.0
Adobe Inc.,3,1,3,122990.0
"Advansys, Inc.",3,1,3,126090.0
Sapot Systems Inc,3,1,3,126090.0
Imr Soft Llc,3,1,3,126500.0
Sagenet Llc,3,1,3,156223.0
Saggi Solutions Inc,3,1,3,126090.0
"Aecom Technical Services, Inc.",3,1,3,117448.0
"Ai Engineers, Inc.",3,1,3,106080.0
"Airbus Americas, Inc.",3,1,3,113862.0
"Akamai Technologies, Inc.",3,1,3,124271.0
"Nortech North America, Inc.",3,1,3,160000.0
"Allied Informatics, Inc.",3,1,3,106500.0
"Sap Labs, Llc",3,1,3,153000.0
"Pa Consulting Group, Inc.",3,1,3,140000.0
Hyniva Llc,3,1,3,101421.0
Intellisoft Technologies,3,1,3,97344.0
"Pharmahelp Foundation, Inc.",3,1,3,68682.0
"General Dynamics Information Technology, Inc.",3,1,3,126090.0
Molina Technologies Llc.,3,1,3,116000.0
Pioneer Consulting Llc,3,1,3,106442.0
Beaconfire Staffing Solutions Inc.,3,1,3,91582.0
"Plateau Software, Inc.",3,1,3,150758.0
Sigma Software Llc,3,1,3,126090.0
"Gate Gourmet, Inc. ",3,1,3,78981.0
"Sliq Information Technologies, Inc.",3,1,3,104083.0
Fox Rehabilitation Services Llc,3,1,3,97739.0
Shotted Tysons Galleria Llc,3,1,3,259000.0
Bechtel Infrastructure And Power Corporation,3,1,3,110000.0
"Morten Beyer & Agnew, Inc.",3,1,3,108000.0
"Bdo Usa, P.C.",3,1,3,125000.0
"Piper Companies, Llc",3,1,3,120308.0
"Renner And Company, Cpa, Pc",3,1,3,92000.0
Mphasis Corporation ,3,1,3,97344.0
Blue Verse Systems Corp,3,1,3,116500.0
V-Soft Solutions Inc. ,3,1,3,126090.0
"Smart Tech Consultancy, Llc",3,1,3,66872.0
"Universal System Technologies, Inc.",3,1,3,92000.0
Sma Tech Llc,3,1,3,126090.0
Smart Insurance By Solomon Agency Llc,3,1,3,59550.0
Molg Inc.,3,1,3,115000.0
"Istream Solutions, Inc.",3,1,3,150758.0
"Brillio, Llc",3,1,3,126090.0
Averon Solutions Inc,3,1,3,151000.0
"Gartner, Inc. ",3,1,3,142526.0
"Bizcloud Analytics, Inc.",3,1,3,115939.0
Slove Lights Inc.,3,1,3,88462.0
Sunraise Technologies Inc,2,2,2,87391.0
"Riva Solutions, Inc",2,1,2,106933.0
Inteliroute Technologies Llc,2,1,2,113756.0
I Giants Inc.,2,1,2,91582.0
"Sunray Information Technologies, Inc.",2,1,2,110000.0
"Dulles Geotechnical And Material Testing Services, Inc.",2,1,2,111733.0
First Citizens Bank And Trust Co.,2,1,2,169395.0
Sunray Systems Inc,2,1,2,138424.0
Inteli Platforms Inc.,2,1,2,115087.0
"Intellectt, Inc.",2,1,2,176800.0
Jnit Technologies Inc,2,1,2,135710.0
"Intellibee, Inc.",2,1,2,124540.0
I-66 Express Mobility Partners Llc,2,1,2,106842.0
Icloud Technologies Corp.,2,1,2,96490.0
Intellisoft Systems Llc,2,1,2,91582.0
Strategic Resources International Inc,2,1,2,106454.0
Resource Innovative Technologies Llc,2,1,2,84344.0
E-Kare Inc.,2,1,2,99233.0
Sann It Solutions Inc,2,1,2,138424.0
"Ecs Mid-Atlantic, Llc",2,1,2,101650.0
Eai Technologies Llc,2,1,2,85000.0
Hyposoft Solutions Inc,2,1,2,126090.0
"Strategic Staffing Solutions, L.C.",2,1,2,130645.0
"Strategic Systems, Inc.",2,1,2,101710.0
"Drivestream, Inc.",2,1,2,183000.0
"Freyssinet, Inc. ",2,1,2,79412.0
"Drfirst.Com, Inc.",2,1,2,107290.0
Korean Community Service Center Of Greater Washington,2,1,2,54163.0
Swartek Corporation,2,1,2,125000.0
Snikfend Inc,2,1,2,110500.0
"Remote Tiger, Inc.",2,2,2,119081.0
Smk Soft Inc.,2,1,2,120000.0
Radiant Technologies Inc.,2,1,2,108845.0
"Rx Office, Inc",2,1,2,93434.0
Synapse Business Systems Inc,2,1,2,85748.0
Infomarines Inc,2,1,2,140837.0
Dfs Services Llc,2,1,2,147348.0
"Rootlogic Systems, Llc",2,1,2,118000.0
Rubik Systems Llc,2,1,2,104083.0
Lakshya Technologies Inc,2,1,2,91582.0
"Smb Shared Services, Inc.",2,1,2,139900.0
Rpa Technologies Llc,2,1,2,92882.0
"Innorev Technologies, Inc",2,1,2,165045.0
"Infinite Computer Solutions, Inc.",2,1,2,119766.0
Dish Wireless Llc,2,1,2,168252.0
Saisa Llc,2,1,2,163092.0
Institute For Building Technology And Safety,2,1,2,126997.0
"Rlt Technologies, Inc",2,1,2,102000.0
"Itech Us, Inc.",2,1,2,108836.0
"Resonate Networks, Inc.",2,1,2,151936.0
Future Us Llc,2,1,2,115926.0
Inadev Corporation,2,1,2,126090.0
Roblox Corporation,2,1,2,168815.0
"Incom Technologies, Inc.",2,1,2,163215.0
Jean Martin Inc,2,1,2,108836.0
"Sunshare Company Holdings, Llc",2,1,2,154710.0
Ralph Lauren Corporation,2,1,2,159568.0
Raks Group Llc,2,1,2,122200.0
"Fiserv Solutions, Llc",2,1,2,128461.0
"Disys Solutions, Inc. (Dsi)",2,1,2,123250.0
Supremesoft Corporation,2,1,2,114611.0
"Radixlink, Inc.",2,1,2,124946.0
"Kimc U.S., Inc.",2,1,2,148096.0
"Solvency, Inc.",2,1,2,113391.0
"Fidelity Technology Group, Llc D/B/A Fidelity Investments",2,1,2,146804.0
"Shoolin, Inc.",2,1,2,102752.0
"Equinox It Solutions, Llc",2,1,2,101421.0
Sriven Systems Inc,2,1,2,127400.0
Groundswell,2,1,2,146808.0
"Revolutional, Llc Fka Harmonia Holdings Group Llc",2,1,2,154000.0
"F5, Inc.",2,1,2,144345.0
"Ss&C Technologies, Inc.",2,1,2,155000.0
Job Market Training.Com Llc,2,1,2,97458.0
Guidehouse Inc.,2,1,2,129770.0
"Rare, Inc.",2,1,2,75617.0
Gurus Infotech Inc,2,1,2,91717.0
Karyo E Systems Inc,2,1,2,106454.0
Richard-Allan Scientific,2,1,2,83429.0
"Entmatrix, Inc.",2,1,2,103760.0
"Scope Infotech, Inc.",2,1,2,126090.0
Fairfax County Public Schools,2,1,2,68073.0
"Enterprise Solutions, Inc.",2,1,2,107276.0
"Eray Technologies, Llc",2,1,2,122530.0
Joe Singh & Associates Pc,2,1,2,88816.0
"Ezsvs Usa, Inc.",2,1,2,136530.0
Semaisim Immigration Law Office Pllc,2,1,2,64500.0
Excelacom Inc,2,1,2,154231.0
Sonnick Partners Llc,2,1,2,120587.0
Seven Stars Services Llc,2,1,2,120640.0
Isolve Technology Inc.,2,1,2,120370.0
Judge Technical Services Inc,2,1,2,134420.0
Global Soft Technologies Llc,2,1,2,91582.0
"Servicenow, Inc.",2,1,2,191035.0
Eureka Infotech Inc,2,1,2,113980.0
Isolve Technology Inc,2,1,2,127800.0
Global Information Technology Inc.,2,1,2,126100.0
Grant Thornton Advisors Llc,2,1,2,136080.0
"Jupiter Software Solutions, Llc.",2,1,2,126100.0
"Esvee Technologies, Inc",2,1,2,108836.0
"Johnson, Mirmiran & Thompson, Inc.",2,1,2,120389.0
"Iridium Satellite, Llc",2,1,2,177358.0
Sicl America Inc,2,1,2,109720.0
Rigil Corporation,2,1,2,83907.0
"Realsoft Technologies, Llc",2,1,2,85000.0
It Labs Inc,2,1,2,116710.0
Stier Solutions Inc.,2,1,2,126090.0
Elite It Technologies Llc,2,1,2,99227.0
Sasken Technologies Limited,2,1,2,147891.0
"It Minds, Llc.",2,1,2,143395.0
Stonegate Technologies Llc.,2,1,2,126090.0
Sar Tech Llc,2,1,2,119278.0
Siri Soft Systems Inc,2,1,2,70000.0
"Sapphire Software Solutions, Inc.",2,1,2,115300.0
Gerent Llc,2,1,2,145094.0
"Stout Risius Ross, Llc",2,1,2,92706.0
Htc Global Services Inc.,2,1,2,137914.0
"Ekahau, Inc.",2,1,2,146372.0
Strategic Alpha Inc.,2,1,2,112046.0
"Softthink Solutions, Inc.",2,1,2,116000.0
"Genex Systems, Llc",2,1,2,102887.0
International Solutions Group Inc,2,1,2,192473.0
"Savi Technologies, Inc",2,2,2,113756.0
"Scepter Technologies, Inc",2,1,2,126880.0
Sbhr Llc.,2,1,2,77106.0
Fairfax Operator Llc,2,1,2,88400.0
Hcl Global Systems Inc,2,1,2,138424.0
Scalian Corporation,2,1,2,95000.0
"Software Experts, Inc.",2,1,2,138665.0
Ford Motor Company,2,1,2,123624.0
Healthedge Software,2,1,2,138620.0
It Corpz Inc,2,1,2,115939.0
"Enlight Growth It, Llc",2,1,2,88015.0
It Division Inc.,2,1,2,127400.0
Stantec Consulting Services Inc.,2,1,2,96096.0
Healthpro Heritage Llc,2,1,2,97739.0
Intrafi Llc,2,1,2,192094.0
Emonics Llc,2,1,2,113756.0
Eminent Software Services,2,1,2,126155.0
Sterling Animal Care Pllc,2,1,2,200000.0
"Smb It, Inc.",2,1,2,139425.0
"Endominance, Inc.",2,1,2,115939.0
"Demeter Analytics Services, Llc",2,1,2,172000.0
Pioneer Consulting Services Llc,2,1,2,138424.0
Pistos It Services Llc,2,2,2,113756.0
"Mobicloud, Llc.",2,1,2,108992.0
Black & Veatch Corporation,2,1,2,137727.0
"Bj'S Wholesale Club, Inc.",2,1,2,133030.0
"Biologics Consulting Group, Inc.",2,1,2,162500.0
"Mongodb, Inc.",2,1,2,162947.0
Up2Date Technologies Llc,2,1,2,126090.0
"Moody'S Shared Services, Inc.",2,1,2,162034.0
Bean Infosystems Llc,2,1,2,115939.0
Beacon Hill Solutions Group Llc,2,1,2,100880.0
Urgent.Ly,2,1,2,207400.0
Bayer Healthcare Llc,2,1,2,183587.0
Mott Macdonald Group Inc.,2,1,2,120350.0
Bank Of America N.A.,2,1,2,148000.0
"B1 It Solutions, Inc",2,1,2,128606.0
Mega Data Analytics Llc.,2,1,2,98500.0
Axle It Inc.,2,1,2,124800.0
Axle Informatics,2,1,2,103250.0
"Valuepro, Inc",2,1,2,126090.0
"Nanosoft Technologies, Inc.",2,1,2,101710.0
Augusta It Solutions Llc,2,1,2,101421.0
August It Llc,2,1,2,108836.0
Augmentare Inc,2,1,2,108680.0
Vejars Technologies Inc,2,1,2,126090.0
"Persistent Systems, Inc.",2,1,2,144408.0
"Ventois, Inc",2,1,2,126090.0
"Astute Engineering, Pllc",2,1,2,96855.0
Astor & Sanders Corporation,2,1,2,153082.0
"Verato, Inc.",2,1,2,146868.0
"Perfect Sense, Inc.",2,1,2,138472.0
"Bluecore, Inc.",2,1,2,160000.0
"Bode Cellmark Forensics, Inc.",2,1,2,75153.0
Mitaja Corporation,2,1,2,104083.0
Miracle Solutions Llc.,2,1,2,114400.0
Menzo Technologies Corp,2,1,2,79612.0
"Mercatus Center, Inc.",2,1,2,85948.0
Centraprise Corp,2,1,2,126090.0
"Tiger Analytics, Inc.",2,1,2,162750.0
Tiltify Inc,2,1,2,100000.0
Tios Capital Llc,2,1,2,140000.0
"Carollo Engineers, Inc.",2,1,2,108444.0
Pratvik Technologies Inc,2,1,2,101421.0
Carahsoft Technology Corp.,2,1,2,78000.0
Caprus It Inc,2,1,2,126090.0
Trase Systems Inc.,2,1,2,220000.0
"Traylor Bros., Inc.",2,1,2,108399.0
Camelot Integrated Solutions Inc,2,1,2,126090.0
"Cadmus Holding Company, Inc.",2,1,2,150500.0
"C2 Educational Systems, Inc.",2,1,2,65936.0
"C&M Associates, Inc.",2,1,2,117500.0
"Trilogic Systems, Llc",2,1,2,110240.0
"Business Technocrats, Inc.",2,1,2,93300.0
Microstrategy Services Corporation Dba Strategy,2,1,2,132010.0
R2 Technologies Corporation,2,1,2,102024.0
Truminds Technologies Inc,2,1,2,123770.0
Brillius Technologies Inc,2,1,2,126090.0
"Millennium Info Tech, Inc.",2,1,2,114500.0
Bridgetown Consulting Group Inc,2,1,2,90022.0
"Tunirasoft, Llc",2,1,2,108347.0
Mindlance Inc.,2,1,2,132892.0
"Mindpetal Software Solutions, Llc",2,1,2,105269.0
Boto3 Inc.,2,1,2,101920.0
Minfy Technologies Inc,2,1,2,138611.0
Viac Services Company,2,1,2,135500.0
Argus Services Inc.,2,1,2,96741.0
"Arculus Solutions, Inc.",2,1,2,124000.0
Allagi Technologies Inc ,2,1,2,72800.0
Akrivis Solutions Inc,2,1,2,118310.0
"Akkodis E&T, Llc",2,1,2,119600.0
Northstar Technologies,2,1,2,135200.0
Aita Consulting Services Inc,2,1,2,117124.0
Nova Measuring Instruments Inc.,2,1,2,87194.0
"Air-Conditioning, Heating, And Refrigeration Institute",2,1,2,128901.0
Willis Towers Watson Us Llc,2,1,2,86185.0
Ai Pioneer Llc,2,1,2,126090.0
Wissen Infotech Inc,2,1,2,145101.0
"Affirm, Inc.",2,1,2,196000.0
"Ntt Data Services Federal Government, Llc",2,1,2,129648.0
"Xcelerator Group, Llc",2,1,2,180214.0
"Advanced Management Technology, Inc.",2,1,2,158426.0
Advanced Computer Concepts Inc,2,1,2,162800.0
Xinythos Inc,2,1,2,107671.0
Nusummit Cybersecurity Limited,2,1,2,138144.0
Adroit Innovative Solutions Inc.,2,1,2,91582.0
Xprotean Inc.,2,1,2,138424.0
Nuvitek Llc,2,2,2,155000.0
Adaequare Inc,2,1,2,126090.0
Yarrow Technologies Inc,2,1,2,108836.0
"Acmesoft Global, Inc.",2,1,2,107307.0
Accure Inc.,2,1,2,115939.0
Accentuate It Solutions,2,1,2,95150.0
"Accelevation, Llc",2,1,2,101421.0
Abs Tech Llc,2,1,2,120650.0
Abhyanth Solutions Inc ,2,1,2,113000.0
Old Dominion University,2,1,2,81786.0
"Olsson, Inc.",2,1,2,95160.0
"Wendroff And Associates, Llc",2,1,2,83000.0
Allan Myers Inc.,2,1,2,84001.0
"Vigna Solutions, Inc.",2,1,2,113818.0
Nortech North America Inc,2,1,2,113000.0
"Vignet, Inc.",2,1,2,134231.0
"Nestle Regional Globe Office North America, Inc.",2,1,2,163500.0
"Ar Solutions, Inc.",2,1,2,126090.0
"Aquila Hash, Inc.",2,1,2,74000.0
Apt Holdings Llc ,2,1,2,104187.0
"Nestlé Regional Globe Office North America, Inc.",2,1,2,164013.0
"Applied Information Sciences, Inc.",2,1,2,179176.0
Virginia University Of Integrative Medicine,2,1,2,88279.0
"Netflix, Inc.",2,1,2,175427.0
Virtuous Tech Inc,2,1,2,97344.0
Apexcode Labs Inc.,2,1,2,150758.0
"Antithesis Operations, Llc.",2,1,2,115500.0
"Paypal, Inc.",2,1,2,135398.0
"New Era Technology, Llc",2,1,2,112799.0
Anira Solutions Inc,2,1,2,126090.0
Anestis It Inc,2,1,2,133120.0
"Ancore, Inc.",2,1,2,119460.0
"Nexpro Technologies, Inc",2,1,2,115939.0
"Ana-Data Consulting, Inc.",2,1,2,101421.0
Vivsoft Technologies Llc,2,1,2,170000.0
Parsons Transportation Group Inc.,2,1,2,192323.0
"Paragonix Technologies, Inc.",2,1,2,300000.0
Vsl Electrical Signing Lighting Llc,2,1,2,95469.0
Vstrs Llc Dba Tekglobal,2,1,2,101421.0
Vysoft Solutions Inc.,2,1,2,127000.0
"Vyzer Solutions, Inc",2,2,2,116073.0
Altimetrik Corp,2,1,2,126090.0
Wartsila Energy Storage Inc.,2,1,2,117000.0
"Wartsila Energy Storage, Inc.",2,1,2,161698.0
"Thought Byte, Inc.",2,1,2,118550.0
Tror Llc,2,1,2,95451.0
"Comscore, Inc.",2,1,2,95953.0
Cloudquest It Llc,2,1,2,84344.0
Te Connectivity Corporation,2,1,2,135000.0
"Collaborait, Inc.",2,1,2,101920.0
Teknowleap Inc,2,1,2,138424.0
Tekorg Inc,2,1,2,126090.0
Providenz Llc,2,1,2,103100.0
Marvel Technology Solutions Inc,2,1,2,103760.0
"Lifelink Systems, Inc.",2,1,2,175000.0
Cybersource Corporation,2,1,2,150758.0
Cloudvik Llc,2,1,2,101421.0
"Teleworld Solutions, Inc.",2,1,2,140500.0
Tech Info Services Inc,2,1,2,101421.0
"Convoke, Inc.",2,1,2,154580.0
Talteam Inc.,2,1,2,161938.0
Maximus Inc.,2,1,2,117728.0
"Texperts, Inc.",2,1,2,91770.0
Cloud360 Inc,2,1,2,90002.0
"Proof Management, Llc",2,1,2,170000.0
Talent9 Inc. ,2,1,2,118045.0
The Capital Markets Company,2,1,2,137970.0
"Mccann Yan Holdings, Inc. ",2,1,2,125000.0
Cvs Pharmacy Inc.,2,1,2,129362.0
Linkwell Solutions Inc.,2,1,2,126090.0
"Mcfadyen Consulting Group, Inc.",2,1,2,152028.0
"Concepts Information Technology, Inc. ",2,1,2,101920.0
Lorvenk Technologies Llc,2,1,2,117957.0
"Pyramid Technology Solutions, Inc",2,1,2,126090.0
"Pyramid Systems, Inc.",2,1,2,110536.0
"Confluent, Inc.",2,1,2,188800.0
Luminavtech Llc,2,1,2,89000.0
Lussotech Llc,2,1,2,101421.0
"Logic Planet, Inc.",2,1,2,126100.0
"Concur Technologies, Inc.",2,1,2,159174.0
"Cotiviti, Inc.",2,1,2,154602.0
Teckpros Llc,2,1,2,106477.0
Liscr Llc,2,1,2,112412.0
Technocorp Solutions Inc,2,1,2,116501.0
Computer Sciences Corporation,2,1,2,131424.0
"Qtech Consulting Group, Inc.",2,1,2,126090.0
"Cpa Global North America, Llc",2,1,2,146467.0
Techempo Inc,2,1,2,126090.0
Color-Ad Inc.,2,1,2,66518.0
Cresta Intelligence Inc.,2,1,2,150758.0
Lithe Solutions Inc,2,1,2,129045.0
Crosscountry Consulting,2,1,2,103500.0
"The Elevance Health Companies, Inc.",2,1,2,143166.0
Tenpearls Llc,2,1,2,106562.0
"Medical Management International, Inc.",2,1,2,163250.0
Mebhaz Inc.,2,1,2,101421.0
Cinfracs Inc,2,1,2,95500.0
Cintra Us Services Llc,2,1,2,186750.0
"Quber, Inc.",2,1,2,118560.0
The Hanover Research Council Llc,2,1,2,89952.0
City Concrete Corp,2,1,2,137738.0
Sysrs It Services Llc,2,1,2,126090.0
"Medallia, Inc.",2,1,2,210250.0
Systemsoft Inc,2,1,2,106956.0
Databuoy Corporation,2,1,2,121250.0
"Cigniti Technologies, Inc.",2,1,2,106454.0
Dell Products L.P.,2,2,2,183355.0
"Databricks, Inc.",2,1,2,192100.0
T.E. Llc,2,1,2,76066.0
The Nature Conservancy,2,1,2,132000.0
"The Matthews Group, Inc.",2,1,2,114296.0
"Clc Compliance Technologies, Inc.",2,1,2,129950.0
The Veritas Healthcare Solutions Llc,2,1,2,116563.0
"D2Sol, Inc.",2,1,2,160500.0
"Lexisnexis Vitalchek Network, Inc.",2,1,2,122891.0
Cignus Consulting Llc,2,1,2,116000.0
Ciberlynx Inc,2,1,2,101421.0
"The Smile Mission South Miami, Pllc",2,1,1,129000.0
"Qcm, Inc",1,1,1,125778.0
Risingstar Design & Build Llc,1,1,1,77106.0
"Quest Global Services- N.A., Inc.",1,1,1,126100.0
"Ora, Inc.",1,1,1,97157.0
"Ramsai Software Solutions, Inc",1,1,1,126090.0
"Parallon Enterprises, Llc",1,1,1,115939.0
"Optilogic, Inc.",1,1,1,130000.0
"Optimal Satcom, Inc",1,1,1,80500.0
"Pareto, Inc.",1,1,1,175427.0
"Parikh, P.C.",1,1,1,84344.0
Park Us Lessee Holdings,1,1,1,76000.0
"Parker Rodriguez, Inc.",1,1,1,67725.0
"Range Finance, Inc.",1,1,1,180000.0
Qamise Inc,1,1,1,153462.0
Ra Soft Llc,1,1,1,114400.0
Optimus Unit Llc,1,1,1,106454.0
Qennectit Llc,1,1,1,128461.0
Rosendin Electric Inc.,1,1,1,83160.0
"Radiant Digital Solutions, Inc.",1,1,1,126090.0
Rand Construction Corporation,1,1,1,114296.0
"Qxo, Inc.",1,1,1,175000.0
Rise Edge Inc,1,1,1,106442.0
Ora Apps Inc,1,1,1,152048.0
Rite Code Technologies Inc.,1,1,1,101500.0
Parla Dynamics Inc.,1,1,1,93600.0
Ordinary Theory Llc,1,1,1,70699.0
"Quadric It, Llc",1,1,1,82950.0
Ramp Business Corporation,1,1,1,69535.0
"Orbis America, Inc.",1,1,1,152100.0
"Quantiphi, Inc.",1,1,1,130000.0
Robam Appliances La Trade Llc,1,1,1,79997.0
"Quantum Lending Solutions, Inc.",1,1,1,150000.0
Rlt Technologies,1,1,1,86000.0
Robot Insight Technologies,1,1,1,104083.0
Oregon State University,1,1,1,106560.0
Orien Solutions Inc,1,1,1,91582.0
Origami Risk Llc,1,1,1,179469.0
"Ramboll Americas Engineering Solutions, Inc",1,1,1,77040.0
Oriontek Inc.,1,1,1,126090.0
Robotics Technologies Llc,1,1,1,101421.0
"Quantum Vision, Llc",1,1,1,150758.0
"Qualus, Llc",1,1,1,126464.0
"Rogers & Company, Cpas Pllc",1,1,1,108472.0
Orpine Inc,1,1,1,126090.0
"Quartermaster Ai, Inc",1,1,1,180000.0
Rocket Limited Partnership,1,1,1,150758.0
"Radiology Partners Management, Llc",1,1,1,137000.0
"Rocky Mountain Institute, Inc.",1,1,1,105230.0
Ost Inc,1,1,1,73570.0
"Rogers & Company Cpas, Pllc",1,1,1,78000.0
Qualified Health Pbc,1,1,1,210000.0
"Outdoor Cap Company, Inc.",1,1,1,70117.0
Qual Pro Corporation,1,1,1,149094.0
"Ramps International, Inc",1,1,1,132000.0
Pace Computer Solutions Inc,1,1,1,110240.0
Pajosys Technologies Llc,1,1,1,143395.0
Pawlystic Llc,1,1,1,115939.0
Rehau Incorporated,1,1,1,69139.0
"Pyxis Management Consulting Group, Llc",1,1,1,120000.0
Prokatchers Llc,1,1,1,170872.0
Postol Law Firm Pc,1,1,1,171038.0
Positive Group Llc,1,1,1,126090.0
"Red Oak Strategic, Llc",1,1,1,110000.0
Remington Construction Llc,1,1,1,161158.0
Professional Geotechnical Engineeri,1,1,1,95000.0
"Polakams, Llc ",1,1,1,130000.0
Progress Rehabilitation Network Llc,1,1,1,98000.0
"Pointe Blank Solutions, Ltd",1,1,1,106000.0
"Red Hat, Llc",1,1,1,126090.0
Potomac Economics Ltd.,1,1,1,114899.0
Prominds Business Consulting Inc,1,1,1,126090.0
"Plateau Software, Inc",1,1,1,175427.0
Rentokil North America Inc.,1,1,1,123963.0
"Plaid, Inc.",1,1,1,176640.0
Realtech Services Llc.,1,1,1,108160.0
Pivotal Leap Llc,1,1,1,99500.0
"Resultant, Llc",1,1,1,225000.0
"Pisoft, Inc.",1,1,1,126090.0
Potomac Conference Corporation Of Seventh-Day Adventists,1,1,1,89868.0
Relycom Inc,1,1,1,105000.0
Rapid Analytics Inc,1,1,1,91582.0
"Regal It Services, Inc",1,1,1,106912.0
"Private Tech, Inc.",1,1,1,260000.0
Procal Technologies Inc ,1,1,1,95000.0
Regional Management Corp.,1,1,1,220000.0
"Regeneron Pharmaceuticals, Inc.",1,1,1,151041.0
Prodigy Technologies Inc,1,1,1,126090.0
Prime Business Technologies Inc,1,1,1,118310.0
"Press Mechanical, Inc.",1,1,1,110000.0
"Premium Labs, Inc.",1,1,1,130000.0
"Premier, Inc.",1,1,1,132600.0
"Relx, Inc.",1,1,1,130000.0
"Premier It Solutions, Llc",1,1,1,105146.0
Prasquare Technologies Llc,1,1,1,91582.0
"Powerup Technology, Inc.",1,1,1,220375.0
Refyn Data Llc,1,1,1,126090.0
Powerschool Group Llc,1,1,1,124717.0
Relis Management Company,1,1,1,218192.0
"Redwood Commercial Management, Llc",1,1,1,95000.0
"Reltio, Inc",1,1,1,162000.0
"Prorsum Technologies, Inc.",1,1,1,126090.0
Revature Llc,1,1,1,130900.0
"Protech Dental Lab, Inc",1,1,1,88000.0
"Privilege Underwriters, Inc.",1,1,1,143395.0
Persistent Systems Limited,1,1,1,125000.0
"Publix Super Markets, Inc.",1,1,1,175427.0
"Punita Group, Inc. ",1,1,1,56160.0
Rayven It Solutions Llc.,1,1,1,126090.0
Pure Integration Llc,1,1,1,95000.0
Perficientcorp Inc,1,1,1,101421.0
"Rhein Tech Laboratories, Inc.",1,1,1,95326.0
Raysoft Global Inc,1,1,1,126090.0
Peoplentech Llc,1,1,1,84344.0
Protestant Episcopal Theological Seminary In Virginia,1,1,1,68943.0
"Peninsula Pediatric Dentistry, Pc",1,1,1,416000.0
Rhino.Ai,1,1,1,176000.0
"Rovisys Building Technologies, Llc",1,1,1,102000.0
Pediametrix Inc.,1,1,1,176800.0
"Py Data Solutions, Inc",1,1,1,126090.0
Rigas Technologies Inc.,1,1,1,115939.0
Payriva Inc,1,1,1,165000.0
"Pyramid Consulting, Inc. ",1,1,1,150758.0
Rc4Vets Llc,1,1,1,75750.0
Rcc Global Llc,1,1,1,175000.0
"Publicis Media, Inc",1,1,1,153772.0
"Rfid Global Solution, Inc.",1,1,1,168000.0
Revereit Llc,1,1,1,124800.0
"Pioneer Global, Inc.",1,1,1,92000.0
"Realpage, Inc.",1,1,1,135436.0
Re It Services Inc,1,1,1,101421.0
"Rdm International, Inc.",1,1,1,112500.0
Provincesoft Inc.,1,1,1,107000.0
"Pintegra, Llc",1,1,1,129667.0
"Pinecone Systems, Inc.",1,1,1,236000.0
"Pillars Development, Llc",1,1,1,97700.0
Pryze App Inc.,1,1,1,75000.0
Pike Solutions Inc,1,1,1,145330.0
Rcube It Llc,1,1,1,115939.0
Pharmaforceiq Inc.,1,1,1,128800.0
Pfizer Inc.,1,1,1,135100.0
Petroleum Marketing Group,1,1,1,112466.0
"Personify, Inc.",1,1,1,101421.0
Public Partnerships Llc,1,1,1,205000.0
Pureehs Buyer Llc,1,1,1,126090.0
"15Five, Inc.",1,1,1,190000.0
"Rpi Consultants, Llc",1,1,1,152048.0
"Tsource, Llc",1,1,1,158350.0
"Ulteig Engineers, Inc.",1,1,1,109725.0
Ul Llc,1,1,1,131866.0
Uipathtek Llc,1,1,1,126090.0
Ubs Business Solutions Us Llc,1,1,1,135000.0
"Uber Technologies, Inc.",1,1,1,180000.0
Tyrula Llc,1,1,1,140000.0
"Tyler Technologies, Inc.",1,1,1,88462.0
"Twilio, Inc.",1,1,1,165000.0
"Trustek, Inc. ",1,1,1,118500.0
United Fortune It Solutions Llc,1,1,1,106460.0
Trustees Of Boston University,1,1,1,76440.0
Triotek It Inc,1,1,1,126090.0
Trimble Inc. ,1,1,1,110119.0
Trilok Software Solutions Llc,1,1,1,114120.0
Trilogy Federal Llc,1,1,1,115939.0
"Trigent Solutions, Inc.",1,1,1,120000.0
"Tricopp, Inc.",1,1,1,175427.0
Tribis Inc,1,1,1,105000.0
Unique Technology Group Corp.,1,1,1,126090.0
United Global Professional Services Inc,1,1,1,115939.0
"Trc Solutions, Inc.",1,1,1,95326.0
Usacs Medical Group Ltd.,1,1,1,260000.0
Valiant Tek Group Inc,1,1,1,116480.0
Vak Consulting Llc,1,1,1,150000.0
"Vaisnavi Group, Llc",1,1,1,91600.0
"Vacatia, Inc.",1,1,1,140837.0
V.L.S. Systems Inc,1,1,1,127000.0
V-Infotek Llc,1,1,1,126880.0
"Utimaco, Inc.",1,1,1,130000.0
Ust Global Inc,1,1,1,168817.0
Urbane Systems Llc,1,1,1,124717.0
United Granite Llc,1,1,1,112528.0
"Urban Engineering & Associates, Inc. ",1,1,1,73507.0
Upward Innovations Llc,1,1,1,127000.0
"Upstart Network, Inc.",1,1,1,160000.0
"Upskill Consultancy, Inc.",1,1,1,115939.0
University Of Pittsburgh,1,1,1,62232.0
University Of Michigan,1,1,1,74124.0
"Universal Business Consulting, Inc.",1,1,1,96000.0
"United It Solutions, Inc",1,1,1,126090.0
"Trianz Consulting, Inc.",1,1,1,150758.0
Trc Environmental Corporation,1,1,1,101421.0
"Valuemomentum, Inc. ",1,1,1,124800.0
The Awesome Company,1,1,1,150000.0
"The Mathworks, Inc.",1,1,1,175427.0
The Lane Construction Corporation,1,1,1,100000.0
The Jackson Clinics Limited Partnership,1,1,1,99320.0
"The Institute For The Psychological Sciences, Inc.",1,1,1,102420.0
The Freedom Bank Of Virginia,1,1,1,73091.0
The College Of William And Mary,1,1,1,76875.0
The Care Zoom Llc,1,1,1,101421.0
"The Baldwin Group Colleague, Inc.",1,1,1,137000.0
"Terracon Consultants, Inc.",1,1,1,84264.0
The New York Times Company,1,1,1,173993.0
"Terra Site Constructors, Llc",1,1,1,90938.0
Teleworker Inc.,1,1,1,127200.0
"Tektronix, Inc.",1,1,1,126152.0
"Teksystems Global Services, Llc",1,1,1,155000.0
"Teksyntax, Inc.",1,1,1,83200.0
Tekstrom Inc.,1,1,1,126500.0
"Tekstar It Services, Llc",1,1,1,97344.0
Teksquilt Inc,1,1,1,101421.0
"The Most Group, Inc.",1,1,1,135000.0
The Reason Foundation,1,1,1,99000.0
Transurban (Usa) Inc.,1,1,1,202030.0
Tk Softtech Solutions Llc,1,1,1,115000.0
"Transunion Interactive, Inc.",1,1,1,102482.0
"Transcend It Solutions, Llc",1,1,1,91582.0
Trader Interactive Llc,1,1,1,175427.0
"Total Resource Management, Inc.",1,1,1,149500.0
"Total Mortgage Services, Llc",1,1,1,115000.0
"Torc Robotics, Inc.",1,1,1,211078.0
Topsys It Solutions Llc,1,1,1,115939.0
"Toast, Inc.",1,1,1,130300.0
Tidalwave Tech Inc.,1,1,1,161000.0
The Russian School Of Mathematics Inc.,1,1,1,65874.0
"Thrive Market, Inc.",1,1,1,185000.0
"Thoughtworks, Inc.",1,1,1,245000.0
"Thoughtfocus, Inc.",1,1,1,128461.0
"Thorlabs, Inc.",1,1,1,102586.0
Thinklusive Inc.,1,1,1,101421.0
"Thermo Fisher Scientific, Inc. ",1,1,1,143395.0
"The Wolf Group, Pc",1,1,1,92405.0
The Stone Studio Llc,1,1,1,80000.0
"Valiant Tek Group, Inc.",1,1,1,115950.0
Vanasse Hangen Brustlin Inc,1,1,1,73507.0
Rsm Us Llp,1,1,1,125000.0
"Washon Meddata, Inc.",1,1,1,92000.0
"Worldwide Mission Critical, Llc",1,1,1,108000.0
"Wiss, Janney, Elstner Associates, Inc.",1,1,1,90938.0
"Wisetek Providers, Inc.",1,1,1,106475.0
"Wilco Source, Llc",1,1,1,126200.0
"West Virginia University Hospitals, Inc.",1,1,1,171650.0
West Virginia University,1,1,1,75000.0
West Publishing Corporation,1,1,1,105472.0
"Weris, Inc.",1,1,1,75748.0
"Washingtonian Law, Pllc",1,1,1,97698.0
Wsp Usa Inc.,1,1,1,90938.0
"Washington University Of Science And Technology, Llc",1,1,1,103943.0
Washington University Of Science And Technology Llc,1,1,1,83470.0
Warren And Carter Technologies Inc,1,1,1,115939.0
"Warnermedia Services, Llc",1,1,1,130431.0
Walnut Consulting Group Llc,1,1,1,66000.0
"Wallace Montgomery And Associates, Llp",1,1,1,83075.0
Wake Forest University Health Sciences,1,1,1,83000.0
"Waggener Edstrom Worldwide, Inc.",1,1,1,118310.0
Wsp Usa Buildings Inc.,1,1,1,165006.0
"Wtanow, Llc",1,1,1,116000.0
Vserve Systems Inc,1,1,1,126090.0
Zemoso Technologies Inc,1,1,1,140837.0
Zreya Tech Inc,1,1,1,101421.0
Zonestra Technologies Llc,1,1,1,126090.0
"Ziprecruiter, Inc.",1,1,1,
Zion Acupuncture Llc,1,1,1,76960.0
"Zima International, Inc.",1,1,1,144375.0
"Zillow, Inc.",1,1,1,150758.0
Zenspace It Llc,1,1,1,126090.0
"Zendesk, Inc.",1,1,1,147107.0
"Zealtech, Inc",1,1,1,130811.0
"X Corp Solutions, Inc",1,1,1,175427.0
Zasti Inc.,1,1,1,120000.0
Z-Modular Llc,1,1,1,200000.0
"Yi & Company, Llc",1,1,1,69139.0
"Yash & Lujan Consulting, Inc.",1,1,1,155000.0
"Yakshna Solutions, Inc.",1,1,1,175200.0
"Xuejuan Dance Ensemble, Llc ",1,1,1,75026.0
"Xlysi, Llc",1,1,1,126090.0
"Xadel It, Inc.",1,1,1,126090.0
Vypra Inc,1,1,1,101421.0
Vrunda Technologies Llc,1,1,1,133500.0
Varcons Inc,1,1,1,126090.0
"Ven Soft, Llc.",1,1,1,106454.0
"Vici Voice, Inc.",1,1,1,101421.0
"Viavi Solutions, Inc.",1,1,1,141862.0
Vertex Pharmaceuticals Incorporated,1,1,1,184000.0
Vertechie Llc,1,1,1,101421.0
"Versa Networks, Inc.",1,1,1,240000.0
Verizon Data Services Llc,1,1,1,170317.0
Veracity Ventures Inc,1,1,1,91582.0
Venable Llp,1,1,1,340000.0
Veloxai Llc,1,1,1,87000.0
Vidha It Solutions Llc,1,1,1,126090.0
Veloce It Group Llc,1,1,1,126090.0
Vcl Law Llp,1,1,1,171038.0
Vcarve Inc,1,1,1,126100.0
Vca Inc.,1,1,1,210000.0
Vb Spine Llc,1,1,1,85000.0
Varmoda Tech Llc,1,1,1,107000.0
Variyas Global Solutions Inc.,1,1,1,126090.0
Variyas Global Solutions Inc,1,1,1,126090.0
"Victoire Systems, Llc",1,1,1,106912.0
Viewsoft Inc.,1,1,1,101421.0
Vrit Tech Inc,1,1,1,126500.0
"Visiquate, Inc.",1,1,1,115939.0
"Vr It Resources, Llc",1,1,1,106912.0
Vorizo Info Tech Inc,1,1,1,104083.0
Volto Consulting And Services Llc,1,1,1,126090.0
Vlink Inc.,1,1,1,95784.0
"Vj Technosoft, Inc.",1,1,1,126090.0
Vj Technosoft Inc,1,1,1,126090.0
Vive Tech Solutions Llc,1,1,1,126090.0
Vistaltech Inc,1,1,1,91582.0
Vision It Usa Inc,1,1,1,83500.0
"Vigna, Inc",1,1,1,101421.0
"Viscadia, Inc.",1,1,1,143395.0
Virtusa Corporation,1,1,1,129807.0
"Virtualan Software, Llc",1,1,1,91582.0
Virtual Labs  Inc.,1,1,1,91582.0
Virginia Theological Seminary,1,1,1,141740.0
Virginia Animal Care Pllc,1,1,1,120000.0
Virat Solutions Inc.,1,1,1,126090.0
Virat Solutions Inc,1,1,1,126090.0
Tekspike Llc,1,1,1,126090.0
"Tekinteli, Inc",1,1,1,126100.0
"Tekfinite, Inc.",1,1,1,102000.0
"Skilzmatrix Digital, Llc",1,1,1,151000.0
"Snorkel Ai, Inc.",1,1,1,172000.0
Smoore Labs,1,1,1,113696.0
Smile Daily Llc,1,1,1,90000.0
Smartdw Inc,1,1,1,91582.0
Sln Solutions Llc.,1,1,1,101421.0
Slm Education Services Llc F/K/A Slm Nitrocollege Llc,1,1,1,169950.0
"Slalom, Inc.",1,1,1,103998.0
"Sky Chefs, Llc",1,1,1,99615.0
Skill Voice Inc.,1,1,1,126090.0
"Softcorp International, Inc.",1,1,1,126090.0
"Skience, Llc",1,1,1,145330.0
Skience Llc,1,1,1,101421.0
Siri Infosolutions Inc.,1,1,1,107000.0
Singh Law Firm P.A.,1,1,1,90000.0
"Silvercrest Asset Management Group, Llc",1,1,1,69139.0
Silver Oak Technologies Llc,1,1,1,152048.0
Sila Solutions Group Inc.,1,1,1,76066.0
Signin Soft Inc,1,1,1,126090.0
Softcom Systems Inc,1,1,1,126250.0
"Softility, Inc. ",1,1,1,151000.0
Shiv Software Experts Llc,1,1,1,91582.0
Soniks Consulting Llc,1,1,1,101421.0
"Springml, Inc. ",1,1,1,107100.0
Sperion Llc,1,1,1,126880.0
"Speridian Technologies, Llc",1,1,1,126100.0
"Specialized Bicycle Components, Inc.",1,1,1,175427.0
"Spartannash Associates, Llc",1,1,1,144787.0
Sparksoft Corporation,1,1,1,140000.0
Southland Industries,1,1,1,98800.0
Source Infotech Inc.,1,1,1,126500.0
Somireddy Law Group Pllc,1,1,1,123240.0
Softovainc,1,1,1,84448.0
Solveit Services Inc,1,1,1,118310.0
Solution Street Llc,1,1,1,164800.0
"Solomons International, Llc",1,1,1,126091.0
Solid Construction Inc.,1,1,1,83034.0
"Sohum Systems, Llc",1,1,1,126090.0
"Software Technology, Inc.",1,1,1,130000.0
Softtechers Llc,1,1,1,150758.0
Softpath Technologies Llc,1,1,1,126090.0
Shiyi Tealicious Llc,1,1,1,88192.0
"Shift4 Payments, Llc",1,1,1,118286.0
Tekcommands Inc,1,1,1,101421.0
"Sage Computing, Inc.",1,1,1,136710.0
"Samsung Semiconductor, Inc.",1,1,1,233230.0
"Samsung Electronics America, Inc.",1,1,1,200000.0
Sallie Mae Bank,1,1,1,100000.0
Saliense Consulting Llc,1,1,1,148500.0
"Sailpoint Technologies, Inc.",1,1,1,150500.0
Saika Technologies Inc,1,1,1,130000.0
"Sai Technologies, Llc.",1,1,1,106454.0
Sage Metrix Inc,1,1,1,91582.0
"Sagarsoft, Inc",1,1,1,158080.0
"Sangha Cpa, P.C.",1,1,1,89000.0
"Saas Technologies, Inc.",1,1,1,126090.0
"S&P Global Market Intelligence, Inc.",1,1,1,171416.0
Ryzlink Corp,1,1,1,86944.0
"Rupa Viras Catering Services, Llc",1,1,1,77106.0
Ruha Technologies Inc,1,1,1,115939.0
"Rubrik, Inc.",1,1,1,190000.0
Rubistone Technologies Llc,1,1,1,126090.0
Rt Solutions Corporation,1,1,1,85000.0
Samtek Inc,1,1,1,126090.0
Sapient Corporation,1,1,1,135744.0
"Shield Ai, Inc.",1,1,1,228571.0
"Sciencelogic, Inc.",1,1,1,104000.0
Setty & Associates Ltd,1,1,1,107037.0
Servesys Corporation,1,1,1,97406.0
Serve Operating Co,1,1,1,175000.0
Serimatrix Inc,1,1,1,115939.0
Sentara Health,1,1,1,131082.0
Select Minds Llc,1,1,1,115939.0
"Seatgeek, Inc.",1,1,1,150000.0
Seagate Us Llc,1,1,1,116616.0
"Schoolinks, Inc.",1,1,1,139768.0
"Sapot Systems, Inc",1,1,1,126090.0
"Schmidt Special Studies Project, Llc",1,1,1,77300.0
"Sbs Cybersecurity, Llc",1,1,1,70298.0
Sbe Llc,1,1,1,70000.0
"Saviynt, Inc.",1,1,1,149698.0
"Savannah Holding Company, Inc.",1,1,1,72000.0
"Satair Usa, Inc.",1,1,1,85692.0
Sas Institute Inc.,1,1,1,140795.0
Sara Software Systems Llc,1,1,1,126090.0
Srini Soft Systems Inc,1,1,1,101421.0
"Ssatech, Inc.",1,1,1,126090.0
"Ssp America, Inc.",1,1,1,95000.0
Tecaholic Llc,1,1,1,115939.0
Technical Strategies Inc,1,1,1,101500.0
Techevision Llc,1,1,1,80000.0
Techdata Service Company Llc,1,1,1,115000.0
Techathon Inc,1,1,1,126500.0
Tech20 Solutions Inc,1,1,1,91582.0
"Tech-Lance Solutions, Inc.",1,1,1,126090.0
Tech Vista Llc,1,1,1,126090.0
Tech Savants Llc,1,1,1,134160.0
"Targeted Victory, Llc",1,1,1,102568.0
Technofix It Solutions Llc.,1,1,1,112466.0
Targeted Victory,1,1,1,57000.0
Tango Management Consulting Llc,1,1,1,134550.0
Talent Connect Solutions Llc,1,1,1,90000.0
"Tadjer-Cohen-Edelson Associates, Inc.",1,1,1,74880.0
T.Y. Lin International,1,1,1,153600.0
T Industries Inc.,1,1,1,165000.0
"Systechcorp, Inc.",1,1,1,126500.0
Sysconsult Llc.,1,1,1,83470.0
Technocraft Solutions Llc,1,1,1,115944.0
"Technology Solution Providers, Inc",1,1,1,120000.0
Sstech Llc,1,1,1,77106.0
"Techquest Solutions, Llc.",1,1,1,101600.0
"Tekcel Consulting, Inc.",1,1,1,106500.0
Tekallianz Corporation,1,1,1,110000.0
Tekaccel Inc,1,1,1,97344.0
Tek-Star Corporation,1,1,1,126090.0
Tek Leaders Inc,1,1,1,127000.0
"Tek Grove, Llc",1,1,1,126880.0
"Tegna, Inc.",1,1,1,140250.0
Techzion It Solutions Inc,1,1,1,126090.0
"Techpoint, Llc",1,1,1,88462.0
"Technoserve, Inc",1,1,1,84000.0
"Techpillars, Inc.",1,1,1,126100.0
"Techouts, Inc.",1,1,1,140850.0
"Techorbit, Inc.",1,1,1,95300.0
"Technumen, Inc.",1,1,1,126090.0
Technoyon Inc. Formerly Known As Xcelligen Systems Inc.,1,1,1,101421.0
"Technovera, Inc",1,1,1,127000.0
"Technova Systems, Inc.",1,1,1,106454.0
Technosoft Corporation,1,1,1,126090.0
Syntage Tech Llc,1,1,1,126090.0
Syntactech Inc ,1,1,1,94500.0
Synergy Consultants & Cpas Llc,1,1,1,70000.0
Sterling Jewelers Inc.,1,1,1,163363.0
"Strategic Solutions Group, Llc",1,1,1,155000.0
"Strategic Funding Source, Inc.",1,1,1,88462.0
"Strategic Alternative Funds Group, Llc",1,1,1,90000.0
Stooge Inc,1,1,1,108000.0
"Stone Hot Pizza Of Skyline, Llc",1,1,1,84344.0
"Stoke Therapeutics, Inc.",1,1,1,126136.0
Stm Tennis Llc,1,1,1,90000.0
"Sticky.Io, Inc.",1,1,1,120000.0
"Steck Systems, Inc",1,1,1,84344.0
"Synergy Business Innovation & Solutions, Inc.",1,1,1,140837.0
"Onyx Design And Consulting, Llc",1,1,1,108347.0
"Stayntouch, Inc.",1,1,1,130562.0
"Staxa Technologies, Llc",1,1,1,126090.0
"Stanley Black And Decker, Inc.",1,1,1,172379.0
Stanley Black & Decker Inc.,1,1,1,169600.0
Staffingspot Llc,1,1,1,106912.0
Sta Technology Corporation,1,1,1,126880.0
"St Engineering Idirect, Inc.",1,1,1,207672.0
"Stratez Infotech, Inc",1,1,1,116000.0
Stratova Trade Group Inc.,1,1,1,100880.0
"Stride, Inc.",1,1,1,141211.0
"Stripe, Llc",1,1,1,174720.0
Syneren Technologies Corporation,1,1,1,86700.0
Synechron Inc,1,1,1,105060.0
"Synchronisys, Inc.",1,1,1,108160.0
Synaptitude Inc.,1,1,1,145000.0
Synapsiq Llc,1,1,1,102170.0
Syllable Corporation,1,1,1,150000.0
Sydata Inc,1,1,1,126100.0
"Switch, Ltd.",1,1,1,287000.0
Swansu Inc,1,1,1,150758.0
Svs Technologies Limited,1,1,1,126090.0
Superior Paving Corporation ,1,1,1,111429.0
Super Tech Consulting Llc,1,1,1,118310.0
Sunshare Llc,1,1,1,154710.0
"Sunset Pool Management, Inc.",1,1,1,77200.0
Sunlight Technologies Inc,1,1,1,150758.0
Stv Incorporated,1,1,1,108347.0
"Structural Engineering Group, Inc.",1,1,1,104000.0
"Opengov, Inc.",1,1,1,148096.0
Kminds Llc,1,1,1,126090.0
"Onur Ulgen, Inc.",1,1,1,150758.0
Cloudbridge Solutions Inc,1,1,1,126090.0
Cncm Llc,1,1,1,106912.0
"Clutchpoint, Llc",1,1,1,126090.0
"Clune Construction Company, Lp",1,1,1,126796.0
Cloudorama Solutions,1,1,1,101421.0
Cloudninetek Llc,1,1,1,91582.0
Cloudhub9 Technologies Llc,1,1,1,126090.0
Cloudhq Llc,1,1,1,161158.0
"Cloudflare, Inc.",1,1,1,193000.0
"Cloudera, Inc.",1,1,1,173565.0
Cloudberg Tec Limited Company,1,1,1,140837.0
"Cognial Technologies, Inc.",1,1,1,101500.0
Cloudavent Llc,1,1,1,151840.0
Cloud Sigma Tech Llc.,1,1,1,107000.0
Cloud Resources Llc,1,1,1,126090.0
Cloud Nine Technologies Inc.,1,1,1,210579.0
Cloud Data Systems Inc,1,1,1,91582.0
Cloud Analytics Technologies Llc,1,1,1,101421.0
Clinre Inc,1,1,1,118518.0
Clinre Foudnation,1,1,1,88587.0
Clinchoice Inc.,1,1,1,97157.0
Code Gravity Llc,1,1,1,126090.0
Cognier Inc,1,1,1,126090.0
"Cliff Services Inc.,",1,1,1,150800.0
Computech Corporation,1,1,1,126090.0
Conflux Systems Inc,1,1,1,115939.0
Confiz Llc ,1,1,1,154600.0
"Conduent State & Local Solutions, Inc.",1,1,1,165000.0
"Concord Usa, Llc",1,1,1,285000.0
Conch Technologies Inc,1,1,1,126090.0
Concentrix Cvg Customer Management Group Inc.,1,1,1,126090.0
"Comstock Holding Companies, Inc.",1,1,1,90000.0
Computomic Software And Consulting Llc,1,1,1,252500.0
Computek Solutions Inc.,1,1,1,91582.0
"Compass Group Usa, Inc.",1,1,1,101421.0
Cognowiz Llc,1,1,1,115939.0
"Communityforce, Inc.",1,1,1,101421.0
Community Associations Institute ,1,1,1,151200.0
"Com4 Global, Inc",1,1,1,102000.0
Columbia College Inc,1,1,1,85280.0
College Board,1,1,1,175427.0
Collasys Llc,1,1,1,101500.0
Collaborative Systems Inc,1,1,1,126090.0
"Coinbase, Inc.",1,1,1,203940.0
"Cohesity, Inc.",1,1,1,210638.0
"Climateworks Foundation, Inc. ",1,1,1,75234.0
Client Software Services Llc.,1,1,1,130000.0
Bytedance Inc.,1,1,1,93018.0
"Carey International, Inc.",1,1,1,175000.0
Cbg Building Company Llc,1,1,1,120000.0
"Caveonix, Inc.",1,1,1,101500.0
Catholic Diocese Of Arlington,1,1,1,37898.0
Cascades Data Solutions Inc.,1,1,1,101421.0
"Carpi Usa, Inc.",1,1,1,135000.0
Carnival Corporation,1,1,1,115939.0
Carmichael Lynch Inc.,1,1,1,77106.0
Carlin Springs Snf Operations Llc,1,1,1,110323.0
"Cargurus, Inc.",1,1,1,96000.0
"Caresource Management Services, Llc",1,1,1,245457.0
Cdw Technologies Llc,1,1,1,176000.0
Career First Llc,1,1,1,126000.0
Cardus Inc,1,1,1,126880.0
Capital Vision Services Llc,1,1,1,170872.0
Capgemini America Inc,1,1,1,150758.0
Canus Tech Inc,1,1,1,84344.0
"Cambay Consulting, Llc",1,1,1,104083.0
"Callan Family Office, Llc",1,1,1,130000.0
"Caci, Inc - Federal",1,1,1,181953.0
C&C Technology Inc.,1,1,1,169978.0
Cdw Government Llc,1,1,1,120000.0
Cedars-Sinai Medical Center,1,1,1,157331.0
Clickskill Llc,1,1,1,191000.0
"Chugh Cpas, Llp",1,1,1,69139.0
"Clarewood University, Inc.",1,1,1,85000.0
"Clarewood University Foundation, Inc.",1,1,1,82118.0
Cjw Contractors Inc.,1,1,1,109000.0
City Of Hope National Medical Center,1,1,1,90074.0
Citiustech Inc.,1,1,1,99750.0
Circle Internet Management Services Llc,1,1,1,154600.0
Cinturi Technologies Llc.,1,1,1,93000.0
Cigna Health And Life Insurance Company,1,1,1,190000.0
"Ci Design, Inc.",1,1,1,83200.0
Chinese Christian & Missionary Church (Ccmc),1,1,1,75650.0
"Cengage Learning, Inc.",1,1,1,125000.0
Chinese Christian & Minisonary Church (Ccmc),1,1,1,69000.0
China Unicom Americas Operations Ltd.,1,1,1,65749.0
Cherry Technologies Inc.,1,1,1,210000.0
Cheng Yun & Associates Pllc,1,1,1,55266.0
Chelsoft Solutions Co.,1,1,1,104000.0
"Chain Bridge Bank, N.A.",1,1,1,69534.0
"Chags Health Information Technology, Llc",1,1,1,141000.0
Ces Consulting Llc,1,1,1,108350.0
Cepheid,1,1,1,140898.0
Conquertech Innovations Llc,1,1,1,95493.0
"Conquertech Innovations, Llc",1,1,1,174720.0
"Consello Technologies, Inc",1,1,1,106912.0
Diligent Group Llc,1,1,1,126360.0
"Dropbox, Inc.",1,1,1,151500.0
Dr Beri Dds Pllc,1,1,1,164299.0
"Doyle, Schultz & Bhatia Pllc",1,1,1,90000.0
"Dotsolved Systems, Inc.",1,1,1,140000.0
"Dolphin Pool Services, Llc",1,1,1,80000.0
Dobson Davanzo & Associates Llc,1,1,1,114330.0
"Dnv Energy Insights Usa, Inc.",1,1,1,122642.0
District Of Columbia Health Benefit Exchange Authority,1,1,1,177839.0
District Construction & Management Corp.,1,1,1,80000.0
Dignity Home Care Llc,1,1,1,64792.0
Dsv Air & Sea Inc.,1,1,1,102586.0
"Digital Turbine, Inc.",1,1,1,175427.0
Digital Links Inc.,1,1,1,126090.0
"Digital Datum, Inc.",1,1,1,70699.0
"Dhanu Global Enterprises, Incorporation",1,1,1,127000.0
Dfs Construction Corporation,1,1,1,95000.0
"Dexian, Llc",1,1,1,75000.0
"Dentists Of Sterling, Pc",1,1,1,195000.0
Dentists Of Centreville Pllc,1,1,1,227573.0
Delviom Llc,1,1,1,175000.0
"Dssc Consulting, Llc.",1,1,1,110100.0
"Duplocloud, Inc. ",1,1,1,126090.0
"Constant Contact, Inc.",1,1,1,105000.0
Eclerx Llc,1,1,1,99403.0
Electrify America Llc,1,1,1,140000.0
"Elavon, Inc.",1,1,1,116512.0
"Elasticsearch, Inc.",1,1,1,
Eiserone Llc,1,1,1,101421.0
"Ehealthinsurance Services, Inc.",1,1,1,115939.0
Egen Solutions Llc,1,1,1,102000.0
"Edunexus, Inc.",1,1,1,94016.0
Edifyally Llc,1,1,1,118560.0
Edgesoft Corporation,1,1,1,115939.0
East West Marble Company,1,1,1,126090.0
"Dv01, Inc.",1,1,1,130000.0
Early Steps Bilingual Pre-School Ii Inc,1,1,1,35381.0
Eagleforce Associates Inc.,1,1,1,101358.0
E3 Global Inc.,1,1,1,127000.0
E.E. Reed Construction - East Coast Llc,1,1,1,92200.0
Dynamic Technology Inc.,1,1,1,92000.0
Dwell Design Studio Llc,1,1,1,80184.0
"Dw Solutions, Llc",1,1,1,148096.0
Dw Matrix ,1,1,1,91582.0
Dvg Tech Solutions Llc.,1,1,1,101421.0
"Delphic Software Solutions, Inc.",1,1,1,70700.0
"Deloitte Touche Tohmatsu Services, Llc",1,1,1,145330.0
Dell Usa L.P.,1,1,1,146338.0
Cpa Global North America Llc,1,1,1,73570.0
"Customer Value Partners, Inc.",1,1,1,69139.0
Curry Cuisine Llc,1,1,1,80000.0
Currie & Brown Inc.,1,1,1,140000.0
Curatio Management Group,1,1,1,98000.0
Cuisine Solutions Inc.,1,1,1,122699.0
"Ct Solutions, Inc.",1,1,1,127000.0
"Crogl, Inc.",1,1,1,350000.0
Creative Systems And Consulting Llc,1,1,1,238822.0
Creative Information Technology Inc.,1,1,1,103280.0
"Cowi North America, Inc.",1,1,1,90938.0
Delicatessen Services Company Llc,1,1,1,135000.0
"Cowbell Cyber, Inc.",1,1,1,160000.0
"Covenant Holdings Group, Llc.",1,1,1,65000.0
"Coterie Applications, Inc.",1,1,1,180044.0
Corporate Computer Solutions Llc,1,1,1,145600.0
"Cornet Technology, Inc.",1,1,1,77106.0
"Conviso, Inc. ",1,1,1,170000.0
"Convergent It Solutions, Inc",1,1,1,126090.0
"Controlcase, Llc",1,1,1,135262.0
Continental Hub For Info Processing Inc,1,1,1,115939.0
"Customer Value Partners, Llc",1,1,1,69139.0
Cvtech Innovations Llc ,1,1,1,126090.0
Cybastion Institute Of Technology,1,1,1,99507.0
Cyber 1 Armor Inc.,1,1,1,170000.0
"Delasoft, Inc.",1,1,1,99403.0
Dcube Data Sciences Corporation,1,1,1,84344.0
"Dc Group, Inc.",1,1,1,107000.0
Dc Capital Partners Management Lp,1,1,1,148096.0
"Datson360, Llc",1,1,1,70117.0
Datassay Inc,1,1,1,90000.0
Dataquest Corp,1,1,1,110240.0
"Datamart Systems, Inc.",1,1,1,132000.0
Data S Solutions Llc,1,1,1,126090.0
"Data Leaf Buyer, Llc",1,1,1,160000.0
Data Cloud Tek Llc,1,1,1,126090.0
Data Affect Llc,1,1,1,127000.0
Cyrusone Management Services Llc,1,1,1,117478.0
Cyma Systems Inc,1,1,1,175500.0
Cyberthink Inc,1,1,1,107000.0
Cyber Sphere Llc,1,1,1,115939.0
Cyber Space Technologies Llc,1,1,1,126090.0
Cyber Nirvana Llc,1,1,1,101421.0
"Cyber Infotech, Llc.",1,1,1,129480.0
"Byteforza, Inc.",1,1,1,91582.0
Bytebridge Technologies Llc,1,1,1,131082.0
Elite It Solutions Inc,1,1,1,65957.0
"Alstream Tech, Inc.",1,1,1,131997.0
"American Contracting & Environmental Services, Inc.",1,1,1,92360.0
American Automatic Sprinkler Co Inc,1,1,1,130000.0
"American Anesthesiology Of Virginia, P.C.",1,1,1,239200.0
"Ambassadors For Christ, Inc.",1,1,1,80000.0
"Am Of Washington Dc, Llc",1,1,1,61715.0
"Alvarez & Marsal Corporate Performance Improvement, Llc",1,1,1,170000.0
Altext Inc,1,1,1,95784.0
Alterstaff Inc.,1,1,1,91125.0
"Alten Technology Usa, Inc.",1,1,1,106933.0
Alphataraxia Management Lp,1,1,1,120000.0
American Public Power Association,1,1,1,126464.0
"Alpha Omega Integration, Llc",1,1,1,128798.0
Allwyn Corporation,1,1,1,126090.0
Allstate Skill Amusement Llc,1,1,1,84344.0
Allspice Inc.,1,1,1,185000.0
Alliance Insource Inc,1,1,1,101421.0
"Alixpartners, Llp",1,1,1,220000.0
Algorithm Inc,1,1,1,126880.0
Alesig Consulting Llc,1,1,1,91582.0
"Alation, Inc.",1,1,1,259772.0
American It Solutions Inc.,1,1,1,150758.0
American Quartz Granite Llc,1,1,1,131000.0
"Akraya, Inc.",1,1,1,165693.0
Anjs Technologies Llc,1,1,1,126090.0
Aplomb Technologies Inc.,1,1,1,101421.0
Apexus Tech Llc,1,1,1,91125.0
Apexsync Technologies Llc,1,1,1,106080.0
"Apex Infrastructure Consultants, Llc",1,1,1,170000.0
"Anybill Financial Services, Inc.",1,1,1,70699.0
Anvim Tech Inc.,1,1,1,152048.0
"Anra Technologies, Inc.",1,1,1,100000.0
Annasudha Community Kitchens Corp,1,1,1,86861.0
Ann & Robert H. Lurie Children'S Hospital Of Chicago,1,1,1,118726.0
Anderson Cooper Group Pc,1,1,1,75442.0
"American Real Estate Partners Management, Llc",1,1,1,190000.0
Anchor Homes Llc,1,1,1,109200.0
Anagh Technologies Inc,1,1,1,116480.0
"Amzur Technologies, Inc.",1,1,1,126090.0
Amgen Inc.,1,1,1,144900.0
Amg Technology,1,1,1,89440.0
Ameritech Global Inc.,1,1,1,104083.0
Amerisoft Corporation ,1,1,1,101421.0
"Amerigas Propane, Inc.",1,1,1,134963.0
"American Unit, Inc",1,1,1,104500.0
Alarm.Com Inc.,1,1,1,181465.0
Akamaitek Llc,1,1,1,152048.0
Busright Inc.,1,1,1,120000.0
Aarna Priya Inc,1,1,1,129000.0
Actfore Inc,1,1,1,122990.0
Aci Worldwide Corp.,1,1,1,112050.0
Aci Infotech Inc,1,1,1,111000.0
"Achieva It, Inc.",1,1,1,126090.0
Acd Operations Llc D/B/A Aia Contract Documents,1,1,1,177392.0
"Accelerize 360, Inc.",1,1,1,126090.0
"Ac Power, Llc",1,1,1,126464.0
Abtech Solutions Llc,1,1,1,150758.0
"Abd Solutions, Inc.",1,1,1,84448.0
"Aarisha, Inc.",1,1,1,126090.0
"Acumen Solutions, Inc.",1,1,1,167170.0
Aanvi Cloud Technologies Inc,1,1,1,126090.0
Aadyam Technologies Llc,1,1,1,101500.0
Aaa Virginia Consulting Inc,1,1,1,104083.0
A&M It Solutions Llc,1,1,1,101430.0
"6Com, Inc",1,1,1,101500.0
6Ai Inc,1,1,1,151000.0
3I Infotech Inc.,1,1,1,92000.0
"24X7Systems, Inc.",1,1,1,176800.0
247Solar Inc.,1,1,1,140000.0
"Actionet, Inc.",1,1,1,102010.0
Adis Infotech Inc,1,1,1,121222.0
"Aivion, Inc.",1,1,1,89000.0
Aetna Medicaid Administrators Llc,1,1,1,97302.0
Airlines Reporting Corporation ,1,1,1,122775.0
"Airbus Americas, Inc",1,1,1,126000.0
Air Worldwide Corporation,1,1,1,145000.0
"Agreeya Solutions, Inc.",1,1,1,126090.0
"Agovx, Llc",1,1,1,83034.0
Agisol Llc,1,1,1,141440.0
Agile1 Tech Corporation,1,1,1,118310.0
Agile Squad Inc,1,1,1,106912.0
Ag Infotek Inc,1,1,1,150758.0
Aes Services Inc.,1,1,1,175000.0
Aditi Consulting Llc,1,1,1,106454.0
Aes Next Operations Llc,1,1,1,155250.0
Aes Clean Energy Services Llc,1,1,1,100000.0
"Aem, Inc.",1,1,1,73718.0
"Advertising Analytics, Llc",1,1,1,121222.0
"Advent Global Solutions Inc.,",1,1,1,95784.0
Advantage Consulting & Engineering Services Corporation,1,1,1,63981.0
Advance Auto Business Support Llc,1,1,1,97344.0
Adroix Corp,1,1,1,126090.0
Aditi Llc,1,1,1,126200.0
"Aplomb Technologies, Inc.",1,1,1,105000.0
Applied Computer Techniques Inc.,1,1,1,140837.0
Apps Solutions Inc,1,1,1,126090.0
"Behavox, Inc.",1,1,1,201000.0
"Block, Inc. ",1,1,1,196328.0
"Block, Inc.",1,1,1,192920.0
"Blend360, Llc",1,1,1,123050.0
Bitsolutionsus Llc,1,1,1,91582.0
"Bits And Binaries, Inc.",1,1,1,126090.0
"Biome Analytics, Inc.",1,1,1,115939.0
Bintech Group Llc,1,1,1,126090.0
Better Life 4 Forbidden Country,1,1,1,90938.0
Benecias Llc.,1,1,1,98000.0
Beesy Llc,1,1,1,101421.0
Bluevoyant Management Llc,1,1,1,170000.0
Bechtel Power Corporation,1,1,1,180312.0
Bct Consulting Inc.,1,1,1,99200.0
"Bc Architects Engineers, Plc",1,1,1,73507.0
Barton Malow Holdings Llc,1,1,1,73507.0
Balsam Brands Inc.,1,1,1,193592.0
"Baker Concrete Construction, Inc.",1,1,1,115180.0
Baim Institute For Clinical Research,1,1,1,95829.0
"B. Riley Securities, Inc.",1,1,1,260000.0
"B-Stock Solutions, Llc",1,1,1,88462.0
Blossom Solutions Inc.,1,1,1,126090.0
Bluezone Consulting Services Llc,1,1,1,126090.0
Appteon Inc.,1,1,1,118000.0
Bridgesoft Infosec Llc,1,1,1,106500.0
Buspatrol America Llc,1,1,1,120000.0
"Business Intelligence Systems, Inc.",1,1,1,122720.0
"Business Computers Management Consulting Group, Llc",1,1,1,165000.0
"Bublup, Inc.",1,1,1,200000.0
Brookfield Dental Associates Llc,1,1,1,128960.0
Broad Peak Systems Inc,1,1,1,126100.0
Bringwise Llc,1,1,1,129480.0
Brilliant Infotech Inc.,1,1,1,126500.0
"Brillfy Technology, Inc",1,1,1,91600.0
Bridgenext Digital Engineering Inc.,1,1,1,160000.0
Blupaceus Llc,1,1,1,118310.0
"Bridgecross, Llc",1,1,1,175000.0
Brathon Consulting Llc,1,1,1,126090.0
Bpx Usa Inc.,1,1,1,118310.0
Bpm Bi Inc.,1,1,1,116000.0
"Bowman Consulting Group, Ltd.",1,1,1,76000.0
Booz Allen Hamilton Inc.,1,1,1,192194.0
"Books International, Inc.",1,1,1,145000.0
Boncamel Inc.,1,1,1,91200.0
Bolivian Health Services Llc,1,1,1,75800.0
"Azzad Asset Managment, Inc.",1,1,1,85000.0
"Azurion Group, Inc.",1,1,1,66560.0
Ayven Soft Llc,1,1,1,118310.0
"Arista Networks, Inc.",1,1,1,111067.0
"Ascii Group, Llc",1,1,1,101421.0
Ascentit Llc,1,1,1,128461.0
Ascension Health Alliance,1,1,1,175000.0
Ascending Inc. ,1,1,1,145080.0
"Aruna Info, Inc.",1,1,1,140837.0
Artificial Intelligence Staffing Llc,1,1,1,84448.0
Artificial Intelligence Llc,1,1,1,101421.0
Army Navy Country Club,1,1,1,70000.0
Aristos Tek,1,1,1,101500.0
Ardra Tech Solutions Llc,1,1,1,126090.0
"Axon Enterprise, Inc.",1,1,1,150000.0
Ardor It Solutions Inc,1,1,1,101421.0
"Archer Grey, Llc",1,1,1,145000.0
Arche Resources Llc,1,1,1,116480.0
Arcane Systems Inc,1,1,1,71000.0
"Arcadis U.S., Inc.",1,1,1,105789.0
"Arbiter Ai, Llc",1,1,1,225000.0
Araxis Systems Inc.,1,1,1,116000.0
Aptiva Corp,1,1,1,126090.0
"Apptrics, Llc",1,1,1,126250.0
Ashoka,1,1,1,83034.0
"Astir It Solutions, Inc",1,1,1,126500.0
"At&T Services, Inc.",1,1,1,180250.0
"Ati Holdings, Llc",1,1,1,102276.0
"Axis Tech, Inc.",1,1,1,122720.0
"Avm Consulting, Inc",1,1,1,99840.0
Avm Consulting Inc,1,1,1,99840.0
Averon Services Inc.,1,1,1,107000.0
"Aver Technologies, Inc.",1,1,1,120000.0
"Aventerprise, Inc ",1,1,1,126100.0
"Avant Systems, Inc.",1,1,1,112755.0
"Avalonbay Communities, Inc.",1,1,1,151000.0
"Autodesk, Inc.",1,1,1,187200.0
Auterion Inc.,1,1,1,185078.0
Auterion Inc,1,1,1,175427.0
Autarchy Solutions Inc.,1,1,1,127000.0
"Aurigo Software Technologies, Inc.",1,1,1,140837.0
"Aurality, Inc.",1,1,1,122000.0
Attain Finance Llc,1,1,1,96699.0
"Atropos Health, Inc.",1,1,1,190000.0
Atmanica Technologies Llc,1,1,1,101500.0
Atlas Labs Inc.,1,1,1,300000.0
Atlan Inc,1,1,1,176000.0
Elite Business Consulting Llc,1,1,1,126090.0
Elite Tech Solute Inc,1,1,1,126090.0
Oneus Technologies Llc,1,1,1,106912.0
"Landdesign, Inc.",1,1,1,72000.0
Lincoln Property Company Commercial Llc,1,1,1,90000.0
Lighthouse Assets Llc,1,1,1,77106.0
"Libertycom, Llc",1,1,1,126090.0
Liberty Mutual Technology Group Inc.,1,1,1,106454.0
Lexisnexis Risk Solutions Inc.,1,1,1,136049.0
Lex Nimble Solutions Inc.,1,1,1,115939.0
League Corp,1,1,1,192800.0
Lead It Corporation,1,1,1,97344.0
"Lasership, Inc.",1,1,1,102500.0
"Land Development Consultants, Inc.",1,1,1,91000.0
Linq Global Group Llc,1,1,1,126090.0
Kyndryl Inc.,1,1,1,214917.0
"Kym Advisors, Inc.",1,1,1,70117.0
Kumo It Services Inc.,1,1,1,150758.0
Ksapex Llc,1,1,1,106500.0
"Kpriyan It Enterprise Solutions, Llc",1,1,1,104000.0
Korea-Us Quantum Technology Cooperation Center,1,1,1,166400.0
Kodeva Llc,1,1,1,118310.0
"Knowbe4, Inc.",1,1,1,115939.0
Knacksoft Llc,1,1,1,115939.0
Linkedin Corporation,1,1,1,146744.0
"Liquidity Services, Inc.",1,1,1,128461.0
"Kmm Technologies, Inc",1,1,1,151000.0
"Luzon Technologies, Inc.",1,1,1,101421.0
"Mars, Incorporated",1,1,1,190000.0
"Maptician, Inc.",1,1,1,112466.0
Maplebear Inc.,1,1,1,180000.0
Mansai Corporation,1,1,1,126090.0
Majus Consulting Llc,1,1,1,135000.0
Madison Energy Holdings Llc,1,1,1,126901.0
Macias Gini & O'Connell Llp,1,1,1,103613.0
M3 Global Inc,1,1,1,126090.0
"Lxa Group, Inc",1,1,1,88462.0
Luminas Llc,1,1,1,110000.0
"Live Nation Worldwide, Inc. ",1,1,1,132000.0
Lucent Systems Inc,1,1,1,115939.0
Lpl Financial Llc,1,1,1,170000.0
"Lovelytics Data, Llc",1,1,1,102000.0
"Loudoun Medical Group, P.C.",1,1,1,300000.0
"Logicatech,Inc",1,1,1,126880.0
"Logic Soft, Inc.",1,1,1,145600.0
Lodestar Systems Inc,1,1,1,101920.0
Lockheed Martin Corporation,1,1,1,182220.0
Livemindz Services Inc,1,1,1,88462.0
Knack Ny Inc,1,1,1,115939.0
"Kmc, Inc. ",1,1,1,156000.0
"Iqlogg, Inc.",1,1,1,124800.0
Ittechnica Inc,1,1,1,95784.0
Joveo Inc.,1,1,1,144000.0
Josh Pros Llc,1,1,1,126880.0
Jns Consulting Llc,1,1,1,92000.0
"Jk Moving & Storage, Inc",1,1,1,106912.0
"Jeff Lipsey Bookkeeping, Llc",1,1,1,93600.0
Jcl Consulting Llc,1,1,1,109651.0
"Jc & Associates, Apc",1,1,1,108472.0
Jane'S Group Americas Llc,1,1,1,83034.0
"Izeal, Inc",1,1,1,106454.0
"Itstac, Llc",1,1,1,91582.0
Jsi Research & Training Institute,1,1,1,128419.0
Itex Llc,1,1,1,118560.0
"Iteris, Inc.",1,1,1,77678.0
Itech Consulting Group Inc,1,1,1,101500.0
"Iteans America, Llc.",1,1,1,131000.0
It Trailblazers Llc,1,1,1,175427.0
It Hub Inc,1,1,1,126090.0
It Business Management Solutions Inc.,1,1,1,106500.0
Isoft Llc,1,1,1,92000.0
Iqvia Digital Inc.,1,1,1,255000.0
Jp Technologies Llc,1,1,1,106500.0
Juju Tech Llc,1,1,1,121222.0
Klick Oasis Systems Inc,1,1,1,163030.0
Keybank National Association,1,1,1,130000.0
"Klarity Intelligence, Inc.",1,1,1,230000.0
Kla Corporation,1,1,1,126152.0
"Kip Information Technologies, Inc.",1,1,1,150758.0
"Kimley-Horn And Associates, Inc.",1,1,1,119948.0
Khani Staffing Tech Corp,1,1,1,95326.0
Kgate Technologies Inc,1,1,1,126100.0
Keystone Technology Partners Inc,1,1,1,126090.0
"Keysight Technologies, Inc.",1,1,1,112112.0
"Keypixel Software Solutions, Llc.",1,1,1,126090.0
"Keya Accounting And Tax Services, Llc",1,1,1,56493.0
Juno-Loudoun Llc,1,1,1,90000.0
Kerecis Llc,1,1,1,75000.0
"Kentik Technologies, Inc.",1,1,1,160000.0
Kellton Tech Inc.,1,1,1,150758.0
Kastech Solutions Llc,1,1,1,126100.0
"Kapsch Trafficcom Usa, Inc",1,1,1,150758.0
Kalven Technologies Inc.,1,1,1,126090.0
Kajeet Inc.,1,1,1,124200.0
K Tek Soft Inc,1,1,1,101421.0
"Juume Ai, Inc.",1,1,1,75000.0
Marvel Tech Groups Inc,1,1,1,101500.0
Marymount University,1,1,1,91000.0
Massachusetts Mutual Life Insurance Company,1,1,1,175427.0
"Nestle Regional Globe Office North America, Inc",1,1,1,164575.0
Niha Technologies Inc,1,1,1,106454.0
Niche It Software Solutions Llc,1,1,1,122990.0
"Nga Group, Inc.",1,1,1,91582.0
Nexxen Inc. ,1,1,1,221000.0
Nextgen It Solutions Inc,1,1,1,73466.0
Next Gen It,1,1,1,91582.0
Neutron Holdings Inc. ,1,1,1,240000.0
"Netscout Systems, Inc.",1,1,1,137010.0
"Nestle Usa, Inc",1,1,1,131222.0
Neoitek Systems Inc.,1,1,1,126090.0
Nityosoft Incorporated,1,1,1,126090.0
Neo Tech Solutions Inc.,1,1,1,106454.0
Neo Prism Solutions Llc,1,1,1,126090.0
Nemo It Solutions Inc,1,1,1,105146.0
Neevsys Inc.,1,1,1,105000.0
"Nb Ventures, Inc.",1,1,1,209000.0
Nationwide Mutual Insurance Company,1,1,1,117670.0
"National Rehabilitation Hospital, Inc.",1,1,1,110473.0
National Board Of Medical Examiners,1,1,1,144570.0
"National Association Of Scholars, Inc",1,1,1,92000.0
"Nira, Inc.",1,1,1,148606.0
"Nivid Infotech, Inc",1,1,1,91582.0
Mavirik Solutions Llc,1,1,1,126090.0
"Ntt Data Europe & Latam, Branch In Usa, Inc.",1,1,1,140000.0
Onemain General Services Corporation,1,1,1,114011.0
Olympus Corporation Of The Americas,1,1,1,82139.0
Okos Solutions Llc,1,1,1,66400.0
Ofinno Llc,1,1,1,135000.0
Oberon It Inc,1,1,1,95000.0
O2 Technologies Inc,1,1,1,99000.0
Nyquiste Corporation,1,1,1,101421.0
"Nucleusteq, Inc.",1,1,1,115000.0
"Ntt Data Services, Llc",1,1,1,142217.0
Npte Final Frontier Llc,1,1,1,125000.0
Noblesoft Solutions Inc,1,1,1,150800.0
"Novick, Kim & Lee Pllc",1,1,1,211400.0
Novi It Inc.,1,1,1,104083.0
Northstar Technologies Inc,1,1,1,135200.0
"Northern Virginia Oral & Maxillofacial Surgery Associates, Pc",1,1,1,196061.0
Northern Virginia Juvenile Detention Commission,1,1,1,73478.0
Northeastern University,1,1,1,82888.0
Nokia Of America Corporation,1,1,1,151111.0
"Noesys, Inc",1,1,1,91582.0
"Noblesoft Solutions, Inc.",1,1,1,115940.0
"Nartal Systems, Inc.",1,1,1,120000.0
Napa Analytics Llc,1,1,1,151000.0
Mythri Consulting Llc,1,1,1,126090.0
Mep Designs Inc,1,1,1,95000.0
"Metropolis Employee Services, Llc",1,1,1,143395.0
Metrix It Solutions Inc,1,1,1,126090.0
"Metanoia Solutions, Inc.",1,1,1,126090.0
Metahorizon Inc.,1,1,1,88462.0
Meta It Systems Llc,1,1,1,106912.0
"Merp Systems, Inc.",1,1,1,106460.0
"Meridian Software Solutions, Inc.",1,1,1,91600.0
"Mercury Intermedia, Inc.",1,1,1,101421.0
"Mercury Insurance Services, Llc",1,1,1,170872.0
Mega Glass Llc,1,1,1,108451.0
"Mystudio Academy, Inc",1,1,1,120000.0
"Meerutech, Llc",1,1,1,130000.0
Medlaunch Concepts Llc,1,1,1,101421.0
"Medidata Solutions, Inc.",1,1,1,136000.0
Mcsquared Ai Llc,1,1,1,98000.0
Mcleod Health,1,1,1,146600.0
Mckesson Corporation,1,1,1,345000.0
"Mckenna & Associates, Llc",1,1,1,148096.0
Mayer Brown Llp,1,1,1,435000.0
"Maxsa Innovations, Llc",1,1,1,72000.0
Metta Montessori School Llc.,1,1,1,55930.0
Mga Entertainment Inc.,1,1,1,260000.0
"Mi Softech, Inc",1,1,1,126090.0
"Michael W. Sim & Company, P.C.",1,1,1,88816.0
Murat Durdag Insurance Agency Inc,1,1,1,148117.0
Multivision Llc,1,1,1,126090.0
"Multiplan, Inc.",1,1,1,150758.0
"Mtx Group, Inc.",1,1,1,142800.0
Mtfa Architecture Pllc,1,1,1,78000.0
"Moveplan Usa, Inc.",1,1,1,82451.0
Mosaic Design & Build Llc,1,1,1,75000.0
"Moody'S Analytics, Inc.",1,1,1,105667.0
"Moneygram International, Inc.",1,1,1,155000.0
"Mntn, Inc.",1,1,1,220000.0
Mlu Corporation,1,1,1,73600.0
Ml Technologies Llc.,1,1,1,104083.0
Miruvor Llc,1,1,1,163363.0
"Mine Vision Holdings, Inc.",1,1,1,106000.0
"Mindpros, Inc.",1,1,1,126100.0
Mightycause Corporation,1,1,1,126090.0
"Midwest Veterinary Partners, Llc, D/B/A Clarendon Animal Care North",1,1,1,140000.0
Microstrategy Services Corporation,1,1,1,140000.0
Michigan Public Health Institute,1,1,1,102100.0
Iquest Solutions Corp.,1,1,1,101421.0
"Ip Network Solutions, Inc.",1,1,1,99291.0
"Ellipsis Health, Inc. ",1,1,1,260000.0
"Fluidstack, Inc.",1,1,1,225000.0
Forvis Mazars Llp,1,1,1,90000.0
"Fortra, Llc",1,1,1,165000.0
Fortisview Llc,1,1,1,118310.0
Fors Marsh Group Llc,1,1,1,110669.0
"Form Energy, Inc.",1,1,1,147550.0
Forged Fiber 37 Llc,1,1,1,131560.0
Forcelogix Llc,1,1,1,
"Foot Locker Corporate Services, Inc.",1,1,1,125000.0
"Fonteva, Llc",1,1,1,134888.0
Fluence Energy Llc,1,1,1,212162.0
Frontier Management Llc,1,1,1,80000.0
Flexon Technologies Inc,1,1,1,84344.0
"Flexible Finance, Inc.",1,1,1,190000.0
"Flexera Global, Inc.",1,1,1,93000.0
"Flatiron Dragados Constructors, Inc.",1,1,1,177013.0
"Flagstar Bank, Na",1,1,1,150758.0
"Fis Management Services, Llc",1,1,1,152363.0
Firstpick International Llc,1,1,1,115939.0
"First Tek, Inc.",1,1,1,126090.0
"First Consulting Group, Llc.",1,1,1,126090.0
"Freyr,Inc.",1,1,1,114000.0
"Functional Pathways Of Tn, Llc",1,1,1,120000.0
Fiduciary Investment & Risk Management Advisors Llc,1,1,1,93434.0
Gigacloud Services Inc,1,1,1,99507.0
"Global Healthcare Services, Llc",1,1,1,115939.0
Global Foods Solutions Usa Inc.,1,1,1,202030.0
Global Environment & Technology Foundation,1,1,1,90000.0
Global Engineering,1,1,1,113500.0
"Global Data Mart, Inc.",1,1,1,150800.0
"Global Behavior Therapy Associates, Llc",1,1,1,60070.0
Global Ai Mining,1,1,1,97698.0
Glacetech Inc,1,1,1,127000.0
"Givpour, Inc.",1,1,1,74000.0
"Ghs Aviation Group, Llc",1,1,1,193502.0
"G&D Mobile Security America, Inc.",1,1,1,102576.0
"Gft Infrastructure, Inc.",1,1,1,90938.0
"Geriti, Inc.",1,1,1,101421.0
Genpact Llc,1,1,1,126090.0
"Ge Energy Management Services, Llc",1,1,1,114600.0
Gap Inc.,1,1,1,164403.0
Galaxy Digital Services Llc,1,1,1,115000.0
Gait Solutions Llc,1,1,1,155938.0
Gainwell Technologies Llc,1,1,1,118310.0
Gaea Group Llc,1,1,1,60000.0
Finitetek Inc,1,1,1,101421.0
Federal Resources Corporation,1,1,1,89981.0
Intuites Llc,1,1,1,126880.0
"Enternet Business Systems, Inc.",1,1,1,126250.0
"Equinix, Inc.",1,1,1,153088.0
Equimine Inc,1,1,1,146000.0
Equifax Inc.,1,1,1,127684.0
Epsilon Data Management Llc,1,1,1,128294.0
"Epromptus, Inc.",1,1,1,126880.0
Epic It Solutions Llc,1,1,1,126100.0
Epam Systems Inc.,1,1,1,130000.0
"Environmental Systems Research Institute, Inc.",1,1,1,114400.0
Enterprise64,1,1,1,125000.0
"Ensono, Inc.",1,1,1,145333.0
"Erp Global, Inc.",1,1,1,126090.0
"Ensco Rail, Inc.",1,1,1,142154.0
"Engineered Services, Inc.",1,1,1,85696.0
Energix Epc Us Llc,1,1,1,165000.0
Endurance Systems Llc,1,1,1,250000.0
Encloud Services Llc,1,1,1,126090.0
"Emsi Engineering, Inc.",1,1,1,90938.0
Emergtech Business Solutions Inc,1,1,1,91582.0
Emcoreai Llc,1,1,1,89000.0
Emaestro Technologies Inc,1,1,1,127000.0
Equitasit Inc,1,1,1,126090.0
Esimplicity Inc.,1,1,1,175427.0
Fastwatt Llc,1,1,1,126090.0
Exostar Llc,1,1,1,195510.0
"Falcon Heating & Air Conditioning, Inc.",1,1,1,80000.0
Fairfax Information Systems Llc,1,1,1,73466.0
"Faire Wholesale, Inc.",1,1,1,310000.0
Fair Isaac Corporation,1,1,1,125176.0
"F.L. Pinto Companies, Llc",1,1,1,102483.0
Express Enterprize Corporation,1,1,1,83470.0
"Experity, Inc.",1,1,1,137904.0
Experis Us Llc,1,1,1,175427.0
Exp U.S. Services Inc.,1,1,1,132092.0
Excelon Solutions Llc,1,1,1,126090.0
Esoa Technologies,1,1,1,92000.0
Evolver Llc,1,1,1,197518.0
"Evicore Healthcare Msi, Llc",1,1,1,116310.0
Eversana Life Science Services Llc,1,1,1,130811.0
"Everest Global Solutions, Inc.",1,1,1,101421.0
Etouch Systems Corporation,1,1,1,128500.0
Etekserve Inc,1,1,1,101421.0
Etech Global It Solutions Llc,1,1,1,97344.0
Eteam Inc,1,1,1,95000.0
"Essentia Health, Inc.",1,1,1,108622.0
Global Payment Holding Company,1,1,1,102569.0
Globallogic Inc.,1,1,1,112466.0
Go8 It Inc,1,1,1,118310.0
"Indelible Changes, Llc",1,1,1,93600.0
Infomatics Corp,1,1,1,115939.0
Infocons Inc,1,1,1,126090.0
Infochain Technologies Inc						,1,1,1,155000.0
"Infocepts, Llc",1,1,1,193500.0
"Info Services, Llc",1,1,1,160000.0
Infinite Gateway Inc.,1,1,1,104400.0
"Infera Health, Inc.",1,1,1,126090.0
"Indus Valley Consultants, Inc.",1,1,1,88462.0
Indus Group Inc.,1,1,1,90000.0
"Incedo, Inc.",1,1,1,91582.0
Information Unlimited Inc.,1,1,1,96990.0
Inbound Partners-Llc,1,1,1,126090.0
Immigration Law Office Of Saleem Gondel Esq Llc,1,1,1,74922.0
"Immigrants First, Pllc.",1,1,1,220000.0
Img Systems Inc,1,1,1,126090.0
Ilogixedge Llc,1,1,1,101421.0
"Ilogic Tek , L.L.C",1,1,1,126090.0
"Idol Soft, Inc.",1,1,1,155938.0
Identity And Access Solutions Llc,1,1,1,205000.0
"Idea Entity, Llc",1,1,1,133349.0
"Infor (Us), Llc",1,1,1,177250.0
"Infospan, Inc.",1,1,1,87360.0
"Goal Group, Llc",1,1,1,126090.0
Intalent Llc,1,1,1,126100.0
"International Title & Escrow, Inc.",1,1,1,111738.0
International Investing Group Inc,1,1,1,77106.0
Intensify Technologies Inc.,1,1,1,124717.0
"Intellitek, Inc.",1,1,1,131040.0
Intellectt Inc,1,1,1,126090.0
Intel Corporation ,1,1,1,126090.0
"Integritypro Consulting, Llc",1,1,1,230000.0
Integration Developer Network Llc,1,1,1,126090.0
Integrated Technology Strategies Inc.,1,1,1,104000.0
Insurity Llc,1,1,1,144251.0
Infotech Prism Llc,1,1,1,126090.0
"Inspire Resources, Llc",1,1,1,134450.0
"Insight Direct Usa, Inc.",1,1,1,
"Inseer, Inc.",1,1,1,115939.0
Inrika Inc,1,1,1,115939.0
"Inovalon, Inc. ",1,1,1,191562.0
Innovative Dynamic Solutions Global Inc,1,1,1,120000.0
Innovaccer Inc.,1,1,1,180000.0
Inhand Networks Inc.,1,1,1,186667.0
"Infovision, Inc.",1,1,1,114000.0
"Id.Me, Inc.",1,1,1,139050.0
Ics Global Soft Inc,1,1,1,101421.0
"Icore Infotech, Inc.",1,1,1,127200.0
"Gumgum, Inc.",1,1,1,172000.0
Healthy Labs Inc.,1,1,1,155000.0
"Hdr Architecture, Inc.",1,1,1,132621.0
"Haus Analytics, Inc.",1,1,1,195000.0
Harvey Nash Inc.,1,1,1,151840.0
Harvey Ai Corporation,1,1,1,175427.0
"Happy Money, Inc.",1,1,1,119600.0
"Haley & Aldrich, Inc.",1,1,1,100000.0
Hadiamondstar Software Solutions Llc,1,1,1,126090.0
"Gusto, Inc.",1,1,1,255000.0
"Gtt, Llc",1,1,1,101650.0
Iconsoft Inc.,1,1,1,151000.0
Gstate Consulting Llc,1,1,1,88462.0
"Gss Infotech Ct, Inc",1,1,1,106933.0
"Gregory P. Luth & Associates, Inc.",1,1,1,130000.0
Greenbyte Technologies Llc,1,1,1,98000.0
Graduate Management Admission Council,1,1,1,79934.0
"Gra, Incorporated",1,1,1,171029.0
"Government Scientific Source, Inc",1,1,1,101421.0
Gogreen Solutions Inc,1,1,1,88462.0
"Goel And Anderson, Llc",1,1,1,133000.0
"Helios Artificial Intelligence, Inc.",1,1,1,115939.0
"Here North America, Llc",1,1,1,106442.0
"Hermitage Info Tech, Llc.",1,1,1,106912.0
"Hiddenlayer, Inc.",1,1,1,185000.0
Iconicit Systems Inc,1,1,1,88462.0
Iclean Air Products Llc,1,1,1,78000.0
I5 Tech Inc,1,1,1,126100.0
Hyperwater Inc,1,1,1,126090.0
Hyperion Technologies Llc,1,1,1,107661.0
Hylan Mid-Atlantic Llc,1,1,1,161158.0
"Hydrogeologic, Inc.",1,1,1,83803.0
"Hubspot, Inc.",1,1,1,165500.0
Hsf Affiliates Llc,1,1,1,139500.0
Horizon It Inc,1,1,1,126090.0
Honeywell International Inc.,1,1,1,161000.0
"Honest Pet, Inc.",1,1,1,106442.0
Homedesign Inc,1,1,1,84802.0
Home Depot Management Company Llc,1,1,1,93358.0
Hitt Contracting Inc.,1,1,1,140000.0
Hitek Staffing Llc,1,1,1,84000.0
Hiteck Solutions Inc.,1,1,1,105000.0
Hilton Domestic Operating Company Inc.,1,1,1,182300.0
Highway Loss Data Institute,1,1,1,104027.0
Zymo Solutions Llc,1,1,1,118310.0
