EMPLOYER_NAME,certified_positions,applications,median_annual_wage
Amazon.com Services LLC,2940,453,147600.0
CGI Technologies and Solutions Inc.,1613,45,118310.0
"Amazon Web Services, Inc.",941,239,146944.0
"Amazon Data Services, Inc",655,187,139300.0
Federal Home Loan Mortgage Corporation,487,63,129314.0
"Amazon Development Center U.S., Inc.",373,157,161800.0
"Capital One Services, LLC",289,289,131155.0
"Capital One, National Association",282,282,115939.0
"Hexaware Technologies, Inc.",161,161,112466.0
"Cisco Systems, Inc.",149,13,146000.0
Ernst & Young U.S. LLP,146,146,155926.0
Deloitte Consulting LLP,97,45,165000.0
Navy Federal Credit Union,89,89,150176.0
COGNIZANT TECHNOLOGY SOLUTIONS US CORP,60,60,128461.0
"Micron Technology, Inc.",59,59,115031.0
CGI Federal Inc.,55,6,126090.0
Howard Hughes Medical Institute,51,23,83513.0
KFORCE INC. ,50,5,126090.0
"Amazon Data Services, Inc.",50,50,144950.0
Deloitte & Touche LLP,45,21,99403.0
"COMPUNNEL SOFTWARE GROUP, INC",42,42,126550.0
"Comcast Cable Communications, LLC",41,41,175427.0
Deloitte Tax LLP,41,19,92800.0
Meritore Technologies LLC,40,4,113756.0
"WAL-MART ASSOCIATES, INC.",39,39,160349.0
Government Employee Insurance Company (GEICO),37,37,180000.0
"Asurion, LLC",30,30,180432.0
Amazon Advertising LLC,29,11,161400.0
"Granules Pharmaceuticals, Inc.",29,29,63690.0
George Mason University,25,25,99000.0
INFOSYS LIMITED,25,9,118310.0
Microsoft Corporation,23,23,170000.0
AWS Security Assurances Services LLC,21,3,153600.0
"Antra, Inc.",20,20,101500.0
Idexcel Inc,20,20,122150.0
"S.W.I.F.T., Inc.",19,19,158839.0
"STE iDirect, Inc.",18,18,173839.0
Interon IT Solutions LLC,18,18,126090.0
INOVA HEALTH CARE SERVICES,17,17,166786.0
PROMATRIX CORP,17,17,112500.0
HCL AMERICA INC,17,17,128461.0
REI Systems Inc.,17,17,163975.0
ITSTAC LLC,16,16,91582.0
Visa Technology & Operations LLC,16,16,151334.0
Google LLC,16,16,179350.0
"ICF Incorporated, LLC",16,16,126648.0
"M.C. Dean, Inc.",14,14,112500.0
Strategy Incorporated,14,14,125804.0
O3 TECHNOLOGY SOLUTIONS LLC,13,13,112466.0
Appian Corporation,13,11,156256.0
"NODAL EXCHANGE, LLC",13,13,157000.0
Moxie IT Solutions Inc,13,13,101500.0
"Salesforce, Inc.",13,13,221731.0
CrossCountry Consulting LLC,12,12,119000.0
"22nd Century Technologies, Inc.",12,12,78500.0
"T-Mobile USA, Inc.",12,12,154749.0
Karsun Solutions LLC,12,12,105750.0
Granules Pharmaceuticals Inc.,12,12,112500.0
Accenture LLP,11,11,156900.0
Jacobs Engineering Group Inc.,11,11,93150.0
Ignyte Group Inc.,11,3,109000.0
CVS Shared Services Resources LLC,11,11,137221.0
"RiskSpan, Inc.",11,11,116459.0
"Dulles Engineering, Inc",11,11,90938.0
"i-Link Solutions, Inc.",11,11,126880.0
Federal National Mortgage Association,11,11,150758.0
CoStar Realty Information Inc.,10,10,164646.0
Amazon Retail LLC,10,1,109200.0
Populus Group LLC,10,10,129480.0
"Financial Industry Regulatory Authority, Inc.",10,10,163092.0
CaseGuard Inc.,10,10,104541.0
"DPR Construction, A General Partnership",10,10,100016.0
NVIDIA Corporation,10,10,175427.0
"SuccessFactors, Inc.",10,10,143080.0
"Nivid Infotech, Inc.",10,10,100714.0
VISTA APPLIED SOLUTIONS GROUP INC,10,10,126090.0
"Northstar Group, Inc",9,9,104083.0
Apptium Technologies LLC,9,9,115000.0
"Ofinno, LLC",9,9,155000.0
IBM Corporation,9,9,169978.0
TATA CONSULTANCY SERVICES LIMITED,9,9,91125.0
ACEINTEGRATOR INC,9,9,101421.0
"ICF Resources, LLC",9,9,102457.0
"Uniplus Consultants, Inc.",9,9,106454.0
"Oracle America, Inc.",9,9,150758.0
eSolutionsFirst LLC,8,8,128253.0
"VeriSign, Inc.",8,8,172560.0
Guidehouse Digital LLC,8,8,136401.0
Alpha 20 Group LLC,8,8,126090.0
HTMS Inc,8,8,91582.0
USM Business Sytems Inc,8,8,122200.0
"Cvent, Inc.",8,8,137739.0
"Aktra, Inc.",8,8,95750.0
"Workday, Inc.",8,8,156200.0
"V-Soft Consulting Group, INC",8,8,127000.0
IStream Solutions Inc,8,8,112466.0
Ajace Inc,8,8,126090.0
WIPRO LIMITED,8,8,107456.0
Nectar Info Tek LLC,8,8,105250.0
Yahoo Holdings Inc.,8,8,175427.0
Zillion Technologies LLC.,8,8,126090.0
SQA Concepts Inc. ,7,7,126250.0
"Berkley Technology Services, LLC",7,7,126464.0
"AMAZON DATA SERVICES, INC.",7,7,147400.0
"Ascendion, Inc. (Formerly known as Collabera, Inc.)",7,7,144500.0
TransUnion LLC,7,7,150758.0
"AOL Media, LLC",7,7,179000.0
Raas Infotek LLC,7,7,126100.0
Mastercard International Incorporated,7,7,130811.0
Blueridge Dynamic Solutions,7,7,115939.0
"Folio Financial, Inc.",7,7,117100.0
Alexandria City Public Schools,7,7,88587.0
TELUS International Digital Solutions LLC,7,7,150758.0
Softrams LLC,7,7,173721.0
Virginia Polytechnic Institute & State University,7,7,65000.0
Ramsai Software Solutions INC,7,7,126090.0
National Railroad Passenger Corporation,7,7,137700.0
ARTIFINT TECHNOLOGIES LLC,7,7,101421.0
DIGITAL MANAGEMENT LLC,7,7,136822.0
Turner Construction Company ,7,7,108451.0
Aetna Resources LLC,6,6,159261.0
WYNBIT INC,6,6,126090.0
Venture Global LNG Inc.,6,6,160000.0
Unisys Corporation,6,6,136600.0
AMAZON.COM SERVICES LLC,6,6,181050.0
"Rummel, Klepper & Kahl, LLP",6,6,103511.0
"OVS TECHNOLOGIES, INC.",6,6,126090.0
"Technogen, Inc.",6,6,126090.0
"SRIVEN TECHNOLOGIES, LLC.",6,6,126100.0
"Transaction Network Services, Inc. ",6,6,152500.0
ENDEAVOUR TECHNOLOGIES INC,6,6,101500.0
Trenmor LLC,6,6,114296.0
"EKIN Solutions, Inc.",6,6,126150.0
PRIME S4 TECHNOLOGIES LLC,6,6,190000.0
Science Applications International Corporation,6,6,181814.0
Incept Data Solutions Inc,6,6,97344.0
DB USA Core Corporation,5,5,129000.0
Maxary LLC,5,5,91582.0
Manassas Park City Schools,5,5,64683.0
VMware LLC,5,1,175427.0
Softworld Technologies LLC,5,5,101500.0
VASS Inc.,5,5,104083.0
BISWAS INFORMATION TECHNOLOGY SOLUTIONS INC.,5,5,92000.0
LTIMindtree Limited,5,5,118311.0
Amiti Consulting Inc,5,5,115939.0
MSR TECHNOLOGY GROUP LLC,5,5,126090.0
Global Alliant Inc,5,5,126090.0
"NovaGigs, Inc.",5,5,105000.0
"The PNC Financial Services Group, Inc.",5,5,189488.0
"Palo Alto Networks, Inc.",5,5,108020.0
Pentagon Federal Credit Union,5,5,183265.0
"SYSTEM SOFT TECHNOLOGIES, LLC",5,5,92000.0
Xpand Corporation,5,5,146154.0
China Telecom (Americas) Corporation,5,5,60000.0
Nantez Inc,5,5,107000.0
Hewlett Packard Enterprise Company,5,5,163030.0
SKILLTUNE TECHNOLOGIES INC,5,5,91585.0
"HDR Engineering, Inc.",5,5,95410.0
"CARFAX, Inc.",5,5,127750.0
Abeyon LLC,5,5,112466.0
"i360 Holdings, LLC",5,5,130000.0
Morgan Stanley Services Group Inc.,5,5,156000.0
"Meta Platforms, Inc",5,5,188000.0
"AMAZON WEB SERVICES, INC.",5,5,167019.0
Airline Tariff Publishing Company (ATPCO),5,5,143600.0
"Blue Lotus Systems, Inc.",5,5,102000.0
"SAP America, Inc.",5,5,182791.0
"Cloud BC Labs, Inc",5,5,107000.0
Govin Technologies LLC,5,5,112466.0
"AGR, LLC",5,5,108347.0
SEER SOLUTIONS INC,5,5,126090.0
"Tech Tammina, LLC",5,5,126090.0
"SES Americom, Inc.",5,5,99376.0
iPivot LLC,5,5,122699.0
"CA, Inc.",5,1,162528.0
KPMG LLP,4,4,136078.0
Career Soft Solutions Inc,4,4,126090.0
"Rebel Idealist, Inc.",4,4,159600.0
"Avco Consulting, Inc.",4,4,121222.0
Federal Express Corporation,4,4,151316.0
"AttainX, Inc.",4,4,101421.0
Gartner Inc,4,4,161583.0
"Hazen and Sawyer, D.P.C.",4,4,135739.0
"Saipsit, Inc.",4,4,116295.0
Hitachi Digital Services LLC,4,4,118310.0
"Green Brilliance, LLC",4,4,145278.0
"TEXPERTS, INC. ",4,4,99840.0
"Sapphire Software Services, Inc.",4,4,112468.0
Enliven Technologies Inc,4,4,126090.0
Evolent Health LLC,4,4,157879.0
Humana Inc.,4,4,130406.0
Sky Solutions LLC,4,4,128045.0
Tata Consultancy Services Limited,4,4,91292.0
"Inovalon, Inc.",4,4,122764.0
SATIN SOLUTIONS LLC,4,4,102030.0
Conservation International,4,4,75855.0
Bechtel Global Corporation,4,4,119334.0
Bechtel Enterprises Inc.,4,4,188562.0
CARFAX Admin LLC,4,4,98375.0
"Tech Wish, LLC",4,4,126500.0
SIRI SOFTWARE SOLUTIONS LLC,4,4,96502.0
SKY TECHNOLOGIES LLC,4,4,133350.0
CODE CONNECT INC,4,4,94942.0
KBYTE SYSTEM LLC,4,4,95628.0
Cyber Infotech LLC,4,4,111250.0
"COMTEK GLOBAL, INC.",4,4,113755.0
VIACORE TECHNOLOGIES INC,4,4,91800.0
"Experis US, LLC",4,4,140119.0
"SQUAD SOFTWARE, INC.",4,4,115939.0
TRANSCEND IT SOLUTIONS LLC.,4,4,93776.0
"Bloomberg Industry Group, Inc.",4,4,152100.0
"Cambium Assessment, Inc.",4,4,165111.0
BBI Law Group P.C.,4,4,77106.0
"Everbridge, Inc.",4,4,180000.0
"Artech, LLC",4,4,140005.0
ECONTENTI INC,4,4,126090.0
"Leidos, Inc.",4,4,129000.0
"Devfi, Inc.",4,4,122250.0
PYCUBE INC,4,4,91582.0
OAKTON TECHNOLOGIES LLC,4,4,91582.0
AI TECHNOLOGIES LLC,4,4,94942.0
O'Grady Peyton International,4,2,79040.0
Synechron Inc.,4,4,116246.0
"Synechron, Inc.",4,4,114586.0
Deloitte Services LP,4,2,167219.0
"ENTAGILE, LLC",4,4,115500.0
Vision IT USA Inc.,4,4,106500.0
"Qualtrics, LLC",4,4,212500.0
"Okta, Inc. ",4,4,169395.0
"APPLIED PREDICTIVE TECHNOLOGIES, INC.",4,4,155500.0
"Mastercard Technologies, LLC",4,4,126090.0
WIT Inc. ,4,4,108160.0
Navitas Business Consulting Inc,4,4,126090.0
"Airbus Americas Customer Services, Inc.",4,4,95850.0
Pinnacle Education Services Inc.,4,4,74002.0
Delphic Software Solutions Inc,4,4,126100.0
"AgileTrailblazers, LLC",4,4,121014.0
Mphasis Corporation,4,4,130000.0
METROPOLITAN WASHINGTON AIRPORTS AUTHORITY,4,4,164469.0
"AMPCUS, Inc.",4,4,108230.0
PACIFIC CONSULTANCY SERVICES LLC,4,4,101460.0
"Optum Services, Inc. ",4,4,130922.0
"DEKRA Certification, Inc.",4,4,85530.0
"DENKEN SOLUTIONS, INC.",4,4,140400.0
PNCOTECH LLC.,4,4,100610.0
Ellucian Company LLC,4,4,129898.0
Accenture Infrastructure and Capital Projects LLC,4,4,87000.0
"Gate Gourmet, Inc. ",3,3,78981.0
"PHARMAHELP FOUNDATION, INC.",3,3,68682.0
"Smart Tech Consultancy, LLC",3,3,66872.0
Smart Insurance by Solomon Agency LLC,3,3,59550.0
Slove Lights INC.,3,3,88462.0
"AECOM Technical Services, Inc.",3,3,117448.0
ISOFTECH INC,3,3,131000.0
CLOUD DATA LLC,3,3,101500.0
PEGASYSTEMS INC.,3,3,176000.0
2nd Order Solutions Inc.,3,3,122000.0
"iStream Solutions, Inc.",3,3,150758.0
Fox Rehabilitation Services LLC,3,3,97739.0
INTERNATIONAL SOFTWARE SYSTEMS INC,3,3,131810.0
Shotted Tysons Galleria LLC,3,3,259000.0
SOFTWARE ENTERPRISE LLC,3,3,118310.0
Navitas Business Consulting Inc.,3,3,121430.0
SuccessKPI Inc.,3,3,255000.0
"Suffolk Construction Company, Inc.",3,3,91000.0
"ERP Analysts, Inc.",3,3,118310.0
SMA Tech LLC,3,3,126090.0
"General Dynamics Information Technology, Inc.",3,3,126090.0
"APT Holdings, LLC ",3,3,97739.0
Conflux Systems Inc.,3,3,96000.0
Artek Solutions Inc,3,3,92000.0
"Morten Beyer & Agnew, Inc.",3,3,108000.0
"CloudNova Technologies, LLC",3,3,126090.0
Mphasis Corporation ,3,3,97344.0
Prime S4 Technologies LLC,3,3,175427.0
"Wells Fargo Bank, N.A.",3,3,165000.0
CDM Smith Inc.,3,3,90938.0
U.S. Bank National Association,3,3,145330.0
"Fluence Energy, LLC",3,3,128750.0
Prime IT Solutions,3,3,101425.0
NATSOFT CORPORATION,3,3,150758.0
AVERON SOLUTIONS INC,3,3,151000.0
NETLINE TECHNOLOGIES LLC.,3,3,107000.0
"Plateau Software, Inc.",3,3,150758.0
TANVI IT SOLUTIONS INC,3,3,110500.0
"SLIQ INFORMATION TECHNOLOGIES, INC.",3,3,104083.0
"Piper Companies, LLC",3,3,120308.0
"INNOVA SOLUTIONS, INC.",3,3,91582.0
Teladoc Health Inc.,3,3,170872.0
"ELECTRA.AERO, INC.",3,3,190000.0
Hyniva LLC,3,3,101421.0
"Nortech North America, Inc.",3,3,160000.0
"ZestFinance, Inc.",3,3,100000.0
PVK Corporation,3,3,126090.0
GSSR Inc,3,3,151000.0
ENIAC SYSTEMS INC,3,3,126090.0
SageNet LLC,3,3,156223.0
Diyo Technologies LLC,3,3,127000.0
The Sphere Institute ,3,3,103189.0
"Carilion Services, Inc. ",3,3,98738.0
Halvik Corp.,3,3,101421.0
"HealthEdge Software, Inc.",3,3,114187.0
The RAND Corporation,3,3,129402.0
ACE PHYSICAL THERAPY LLC,3,3,87000.0
"AI ENGINEERS, INC.",3,3,106080.0
Coforge Limited,3,3,94319.0
"Gartner, Inc. ",3,3,142526.0
EFICENS SYSTEMS INC,3,3,104100.0
AMALGAM TECHNOLOGIES INC,3,3,106912.0
"Zensar Technologies, Inc.",3,3,130000.0
"Nestle USA, Inc.",3,3,117824.0
"CommLaw Group, PLLC",3,3,124000.0
"iSolvers, Inc.",3,3,154710.0
Saggi Solutions Inc,3,3,126090.0
"Yashco Systems, Inc.",3,3,137280.0
"Yotta Systems, Inc.",3,3,116000.0
"Nestlé USA, Inc.",3,3,125000.0
"Granules Consumer Health, LLC",3,3,69763.0
"PA Consulting Group, Inc.",3,3,140000.0
EPSoft Technologies LLC,3,3,101421.0
New York Technology Partners Inc,3,3,98000.0
IMR SOFT LLC,3,3,126500.0
Torrez Law Group,3,3,123157.0
Technova Systems Inc.,3,3,128461.0
A12XT Inc.,3,3,128125.0
PIONEER CONSULTING LLC,3,3,106442.0
"Niha Technologies, Inc",3,3,115939.0
"GSK Solutions, Inc.",3,3,101421.0
"Calix, Inc.",3,3,114483.0
Sunrise Senior Living Management Inc.,3,3,100069.0
SIGMA SOFTWARE LLC,3,3,126090.0
"Indeed, Inc.",3,3,129667.0
Visa U.S.A. Inc.,3,3,160500.0
"BDO USA, P.C.",3,3,125000.0
BEACONFIRE STAFFING SOLUTIONS INC.,3,3,91582.0
DPR Solutions Inc,3,3,94370.0
"Specialist Resources Global, Inc.",3,3,138286.0
American College of Radiology,3,3,155015.0
"Jonas Collections and Recovery, Inc.",3,3,135000.0
"BIZCLOUD ANALYTICS, INC.",3,3,115939.0
American Association of Motor Vehicle Administrators,3,3,165000.0
"Amdocs, Inc.",3,3,117000.0
"RANDSTAD DIGITAL, LLC",3,3,126110.0
"Jacobs Engineering Group, Inc.",3,3,139656.0
"Elevance Health, Inc.",3,3,182754.0
BTREE SOLUTIONS INC,3,3,126090.0
JZ Structural Consulting Inc.,3,3,90938.0
R3 TECHNOLOGY INC ,3,3,116000.0
BYTEWARE INC,3,3,150800.0
JPMorgan Chase & Co.,3,3,190400.0
TECHSPEC SOLUTIONS LLC,3,3,91582.0
Virginia University of Science & Technology Inc.,3,3,84344.0
DPR SOLUTIONS INC.,3,3,105000.0
"CrowdStrike, Inc.",3,3,166197.0
"Kaveree, Inc.",3,3,65291.0
"Energy Ventures Analysis, Inc.",3,3,121000.0
DELFERS BUSINESS SOLUTIONS INC.,3,3,120000.0
Asclepius Solutions Inc.,3,3,107120.0
Asiacom Americas Inc.,3,3,66186.0
Satsyil Corp,3,3,101500.0
"Asta CRS, Inc.",3,3,116480.0
DIZER CORP,3,3,110240.0
Anuja Ohri-Parikh DMD PC,3,3,97760.0
"MAVEN, INC.",3,3,130000.0
"Stratacent, Inc.",3,3,145392.0
Recursion Technologies INC.,3,3,118310.0
"Relevantz Technology Services, Inc.",3,3,126500.0
Staffbee Solutions Inc,3,3,124717.0
"MB IT Associates, LLC",3,3,126090.0
VMR Technologies LLC,3,3,126090.0
"Renner and Company, CPA, PC",3,3,92000.0
Vinci Education Corporation,3,3,67113.0
RAVIN IT SOLUTIONS INC,3,3,106454.0
Bechtel Infrastructure and Power Corporation,3,3,110000.0
Cvent Inc.,3,3,131859.0
"Allied Informatics, Inc.",3,3,106500.0
"Infospan Global, LLC.",3,3,91582.0
Federal Soft Systems Inc.,3,3,101421.0
QUANTADIGIT LLC.,3,3,106454.0
"SAP Labs, LLC",3,3,153000.0
SAPOT SYSTEMS INC,3,3,126090.0
Softthink Solutions Inc,3,3,126880.0
EVEREST CONSULTING GROUP INC.,3,3,104083.0
Innovative Consulting Solutions LLC,3,3,126090.0
Dataflake LLC,3,3,126090.0
"Universal System Technologies, Inc.",3,3,92000.0
"Brillio, LLC",3,3,126090.0
"Airbus Americas, Inc.",3,3,113862.0
SECUNETICS INC,3,3,105000.0
"Pyramid Consulting, Inc.",3,3,88463.0
"Advansys, Inc.",3,3,126090.0
Adobe Inc.,3,3,122990.0
Molg Inc.,3,3,115000.0
Index Analytics LLC,3,3,175427.0
"Independent Project Analysis, Inc.",3,3,93000.0
Molina Technologies LLC.,3,3,116000.0
Acetech Group Corporation,3,3,150758.0
Blue Verse Systems Corp,3,3,116500.0
Mehar Solutions Corp.,3,3,126880.0
Assyst Inc. (formerly Advanced Software Systems),3,3,126500.0
Intellisoft Technologies,3,3,97344.0
EXPEDENT CORP,3,3,104100.0
"Akamai Technologies, Inc.",3,3,124271.0
V-Soft Solutions Inc. ,3,3,126090.0
"Fiserv Solutions, LLC",2,2,128461.0
"F5, Inc.",2,2,144345.0
"Equinox IT Solutions, LLC",2,2,101421.0
"ESVEE TECHNOLOGIES, INC",2,2,108836.0
Stantec Consulting Services Inc.,2,2,96096.0
"ECS Mid-Atlantic, LLC",2,2,101650.0
Sterling Animal Care PLLC,2,2,200000.0
"Enterprise Solutions, Inc.",2,2,107276.0
Eminent Software Services,2,2,126155.0
Emonics LLC,2,2,113756.0
Seven Stars Services LLC,2,2,120640.0
"Endominance, Inc.",2,2,115939.0
"Strategic Staffing Solutions, L.C.",2,2,130645.0
FAIRFAX OPERATOR LLC,2,2,88400.0
"Solvency, Inc.",2,2,113391.0
Stier Solutions Inc.,2,2,126090.0
FORD MOTOR COMPANY,2,2,123624.0
"Ekahau, Inc.",2,2,146372.0
Fairfax County Public Schools,2,2,68073.0
Gerent LLC,2,2,145094.0
"Scepter Technologies, Inc",2,2,126880.0
"Genex Systems, LLC",2,2,102887.0
Future US LLC,2,2,115926.0
"ENTMATRIX, INC.",2,2,103760.0
GLOBAL INFORMATION TECHNOLOGY INC.,2,2,126100.0
Strategic Alpha Inc.,2,2,112046.0
Semaisim Immigration Law Office PLLC,2,2,64500.0
EXCELACOM INC,2,2,154231.0
"Softthink Solutions, Inc.",2,2,116000.0
"ENLIGHT GROWTH IT, LLC",2,2,88015.0
"Scope Infotech, Inc.",2,2,126090.0
"Fidelity Technology Group, LLC d/b/a Fidelity Investments",2,2,146804.0
"SunShare Company Holdings, LLC",2,2,154710.0
Strategic Resources International Inc,2,2,106454.0
Sunray Systems Inc,2,2,138424.0
"Stout Risius Ross, LLC",2,2,92706.0
Sriven Systems Inc,2,2,127400.0
Snikfend Inc,2,2,110500.0
"ServiceNow, Inc.",2,2,191035.0
"EZSVS USA, INC.",2,2,136530.0
First Citizens Bank and Trust Co.,2,2,169395.0
Elite IT Technologies LLC,2,2,99227.0
"Strategic Systems, Inc.",2,2,101710.0
EUREKA INFOTECH INC,2,2,113980.0
"Freyssinet, Inc. ",2,2,79412.0
Sonnick Partners LLC,2,2,120587.0
xprotean inc.,2,2,138424.0
Sasken Technologies Limited,2,2,147891.0
R2 Technologies Corporation,2,2,102024.0
MEGA DATA ANALYTICS LLC.,2,2,98500.0
"MINDPETAL SOFTWARE SOLUTIONS, LLC",2,2,105269.0
MIRACLE SOLUTIONS LLC.,2,2,114400.0
"MOBICLOUD, LLC.",2,2,108992.0
"MONGODB, INC.",2,2,162947.0
RAKS Group LLC,2,2,122200.0
"Quber, Inc.",2,2,118560.0
MAXIMUS Inc.,2,2,117728.0
Marvel Technology Solutions Inc,2,2,103760.0
"McCann Yan Holdings, Inc. ",2,2,125000.0
"McFadyen Consulting Group, Inc.",2,2,152028.0
"Qtech Consulting Group, Inc.",2,2,126090.0
Mebhaz Inc.,2,2,101421.0
"Medallia, Inc.",2,2,210250.0
"REALSOFT TECHNOLOGIES, LLC",2,2,85000.0
LussoTech LLC,2,2,101421.0
Korean Community Service Center of Greater Washington,2,2,54163.0
"LexisNexis VitalChek Network, Inc.",2,2,122891.0
"Radixlink, Inc.",2,2,124946.0
LISCR LLC,2,2,112412.0
Radiant Technologies Inc.,2,2,108845.0
LUMINAVTECH LLC,2,2,89000.0
Lakshya Technologies Inc,2,2,91582.0
RPA TECHNOLOGIES LLC,2,2,92882.0
"Lifelink Systems, Inc.",2,2,175000.0
RESOURCE INNOVATIVE TECHNOLOGIES LLC,2,2,84344.0
"RLT Technologies, Inc",2,2,102000.0
Linkwell Solutions Inc.,2,2,126090.0
Lithe Solutions Inc,2,2,129045.0
"RIVA Solutions, Inc",2,2,106933.0
"Logic Planet, Inc.",2,2,126100.0
Lorvenk Technologies LLC,2,2,117957.0
"Medical Management International, Inc.",2,2,163250.0
Menzo Technologies Corp,2,2,79612.0
"Mercatus Center, Inc.",2,2,85948.0
"Paragonix Technologies, Inc.",2,2,300000.0
"PayPal, Inc.",2,2,135398.0
Nortech North America Inc,2,2,113000.0
Parsons Transportation Group Inc.,2,2,192323.0
Northstar Technologies,2,2,135200.0
Nova Measuring Instruments Inc.,2,2,87194.0
NuSummit Cybersecurity Limited,2,2,138144.0
"PYRAMID TECHNOLOGY SOLUTIONS, INC",2,2,126090.0
"Pyramid Systems, Inc.",2,2,110536.0
Old Dominion University,2,2,81786.0
"Olsson, Inc.",2,2,95160.0
PROVIDENZ LLC,2,2,103100.0
"PROOF Management, LLC",2,2,170000.0
PRATVIK TECHNOLOGIES INC,2,2,101421.0
PIONEER CONSULTING SERVICES LLC,2,2,138424.0
"Perfect Sense, Inc.",2,2,138472.0
"Nexpro Technologies, Inc",2,2,115939.0
"New Era Technology, LLC",2,2,112799.0
"Netflix, Inc.",2,2,175427.0
"Nestlé Regional Globe Office North America, Inc.",2,2,164013.0
"Nestle Regional Globe Office North America, Inc.",2,2,163500.0
Nest Technologies Corporation,2,2,106500.0
NeST Technologies Corporation,2,2,129574.0
"Nanosoft Technologies, Inc.",2,2,101710.0
"NTT DATA Services Federal Government, LLC",2,2,129648.0
Mott MacDonald Group Inc.,2,2,120350.0
"Moody's Shared Services, Inc.",2,2,162034.0
Mitaja Corporation,2,2,104083.0
Minfy Technologies Inc,2,2,138611.0
Mindlance Inc.,2,2,132892.0
"Millennium Info Tech, Inc.",2,2,114500.0
MicroStrategy Services Corporation dba Strategy,2,2,132010.0
Ralph Lauren Corporation,2,2,159568.0
"Rare, Inc.",2,2,75617.0
Global Soft Technologies LLC,2,2,91582.0
SMK SOFT INC.,2,2,120000.0
"SS&C Technologies, Inc.",2,2,155000.0
INADEV Corporation,2,2,126090.0
"SOFTWARE EXPERTS, INC.",2,2,138665.0
INTELI PLATFORMS INC.,2,2,115087.0
INTELIROUTE TECHNOLOGIES LLC,2,2,113756.0
"INTELLECTT, INC.",2,2,176800.0
"SMB Shared Services, Inc.",2,2,139900.0
I-66 Express Mobility Partners LLC,2,2,106842.0
"SMB IT, Inc.",2,2,139425.0
IT CORPZ INC,2,2,115939.0
IT DIVISION INC.,2,2,127400.0
IT Labs Inc,2,2,116710.0
"IT MINDS, LLC.",2,2,143395.0
SIRI SOFT SYSTEMS INC,2,2,70000.0
ICloud Technologies Corp.,2,2,96490.0
I GIANTS INC.,2,2,91582.0
"KIMC U.S., Inc.",2,2,148096.0
HTC GLOBAL SERVICES INC.,2,2,137914.0
"Sapphire Software Solutions, Inc.",2,2,115300.0
Grant Thornton Advisors LLC,2,2,136080.0
Groundswell,2,2,146808.0
Guidehouse Inc.,2,2,129770.0
Gurus Infotech Inc,2,2,91717.0
HCL GLOBAL SYSTEMS INC,2,2,138424.0
SYSTEMSOFT INC,2,2,106956.0
Hyposoft Solutions Inc,2,2,126090.0
SYSRS IT SERVICES LLC,2,2,126090.0
HealthEdge Software,2,2,138620.0
HealthPRO Heritage LLC,2,2,97739.0
SUPREMESOFT CORPORATION,2,2,114611.0
"SUNRAY INFORMATION TECHNOLOGIES, INC.",2,2,110000.0
STONEGATE TECHNOLOGIES LLC.,2,2,126090.0
"InCom Technologies, Inc.",2,2,163215.0
SICL AMERICA INC,2,2,109720.0
"SHOOLIN, INC.",2,2,102752.0
Joe Singh & Associates PC,2,2,88816.0
JEAN MARTIN INC,2,2,108836.0
JNIT Technologies Inc,2,2,135710.0
"RootLogic Systems, LLC",2,2,118000.0
JOB MARKET TRAINING.COM LLC,2,2,97458.0
JUDGE TECHNICAL SERVICES INC,2,2,134420.0
Roblox Corporation,2,2,168815.0
"Johnson, Mirmiran & Thompson, Inc.",2,2,120389.0
"Infinite Computer Solutions, Inc.",2,2,119766.0
Rigil Corporation,2,2,83907.0
Richard-Allan Scientific,2,2,83429.0
"Jupiter Software Solutions, LLC.",2,2,126100.0
KARYO E SYSTEMS INC,2,2,106454.0
"Revolutional, LLC FKA Harmonia Holdings Group LLC",2,2,154000.0
"Resonate Networks, Inc.",2,2,151936.0
Rubik Systems LLC,2,2,104083.0
"Rx Office, Inc",2,2,93434.0
Isolve Technology Inc,2,2,127800.0
"Iridium Satellite, LLC",2,2,177358.0
IntraFi LLC,2,2,192094.0
International Solutions Group Inc,2,2,192473.0
EAI TECHNOLOGIES LLC,2,2,85000.0
"Intellibee, Inc.",2,2,124540.0
SAISA LLC,2,2,163092.0
SANN IT SOLUTIONS INC,2,2,138424.0
Institute for Building Technology and Safety,2,2,126997.0
SAR TECH LLC,2,2,119278.0
SARANSH INC,2,2,101500.0
"InnoRev Technologies, INC",2,2,165045.0
SBHR LLC.,2,2,77106.0
SCALIAN CORPORATION,2,2,95000.0
InfoMarines Inc,2,2,140837.0
Intellisoft Systems LLC,2,2,91582.0
"PERSISTENT SYSTEMS, INC.",2,2,144408.0
Black & Veatch Corporation,2,2,137727.0
Yarrow Technologies Inc,2,2,108836.0
Technocorp Solutions Inc,2,2,116501.0
"C2 Educational Systems, Inc.",2,2,65936.0
Computer Sciences Corporation,2,2,131424.0
"CAROLLO ENGINEERS, INC.",2,2,108444.0
"Wendroff and Associates, LLC",2,2,83000.0
AXLE INFORMATICS,2,2,103250.0
AXLE IT INC.,2,2,124800.0
ApexCode Labs Inc.,2,2,150758.0
CHINA TELECOM (AMERICAS) CORPORATION,2,2,83355.0
"CollaboraIT, Inc.",2,2,101920.0
"Accelevation, LLC",2,2,101421.0
Accentuate IT Solutions,2,2,95150.0
Teckpros LLC,2,2,106477.0
Accure Inc.,2,2,115939.0
"TuniraSoft, LLC",2,2,108347.0
"Wartsila Energy Storage, Inc.",2,2,161698.0
Wartsila Energy Storage Inc.,2,2,117000.0
CINFRACS INC,2,2,95500.0
CINTRA US Services LLC,2,2,186750.0
TruMinds Technologies Inc,2,2,123770.0
Tror LLC,2,2,95451.0
"C&M Associates, Inc.",2,2,117500.0
"Applied Information Sciences, Inc.",2,2,179176.0
"Aquila Hash, Inc.",2,2,74000.0
Up2date Technologies LLC,2,2,126090.0
Cresta Intelligence Inc.,2,2,150758.0
Talteam Inc.,2,2,161938.0
"AR SOLUTIONS, INC.",2,2,126090.0
"Cotiviti, Inc.",2,2,154602.0
"Convoke, Inc.",2,2,154580.0
ARGUS SERVICES INC.,2,2,96741.0
Tech Info Services Inc,2,2,101421.0
Xinythos Inc,2,2,107671.0
Boto3 Inc.,2,2,101920.0
"Xcelerator Group, LLC",2,2,180214.0
"Verato, Inc.",2,2,146868.0
"Arculus Solutions, Inc.",2,2,124000.0
"Ventois, Inc",2,2,126090.0
"Confluent, Inc.",2,2,188800.0
AUGMENTARE INC,2,2,108680.0
TechEmpo Inc,2,2,126090.0
Brillius Technologies Inc,2,2,126090.0
"Concur Technologies, Inc.",2,2,159174.0
AUGUSTA IT SOLUTIONS LLC,2,2,101421.0
"Concepts Information Technology, Inc. ",2,2,101920.0
"CLC Compliance Technologies, Inc.",2,2,129950.0
"Vigna Solutions, Inc.",2,2,113818.0
CloudVik LLC,2,2,101421.0
"The Smile Mission South Miami, PLLC",2,1,129000.0
"Akkodis E&T, LLC",2,2,119600.0
"The Matthews Group, Inc.",2,2,114296.0
Centraprise Corp,2,2,126090.0
"CPA Global North America, LLC",2,2,146467.0
The Nature Conservancy,2,2,132000.0
WILLIS TOWERS WATSON US LLC,2,2,86185.0
"WELLS FARGO BANK, N.A.",2,2,168936.0
Allan Myers Inc.,2,2,84001.0
Virginia University of Integrative Medicine,2,2,88279.0
The Veritas Healthcare Solutions LLC,2,2,116563.0
WISSEN INFOTECH INC,2,2,145101.0
Virtuous Tech Inc,2,2,97344.0
CVS Pharmacy Inc.,2,2,129362.0
Carahsoft Technology Corp.,2,2,78000.0
Tios Capital LLC,2,2,140000.0
Caprus IT Inc,2,2,126090.0
"Tiger Analytics, Inc.",2,2,162750.0
"Cadmus Holding Company, Inc.",2,2,150500.0
VivSoft Technologies LLC,2,2,170000.0
Camelot Integrated Solutions Inc,2,2,126090.0
Aita Consulting Services Inc,2,2,117124.0
The Hanover Research Council LLC,2,2,89952.0
Advanced Computer Concepts Inc,2,2,162800.0
"Ancore, Inc.",2,2,119460.0
CloudQuest IT LLC,2,2,84344.0
Tekorg Inc,2,2,126090.0
"Advanced Management Technology, Inc.",2,2,158426.0
Anestis IT Inc,2,2,133120.0
"Trilogic Systems, LLC",2,2,110240.0
"Vignet, Inc.",2,2,134231.0
"Teleworld Solutions, Inc.",2,2,140500.0
Tenpearls LLC,2,2,106562.0
CLOUD360 INC,2,2,90002.0
City Concrete Corp,2,2,137738.0
"Air-Conditioning, Heating, and Refrigeration Institute",2,2,128901.0
"Affirm, Inc.",2,2,196000.0
"Traylor Bros., Inc.",2,2,108399.0
Trase Systems Inc.,2,2,220000.0
Cignus Consulting LLC,2,2,116000.0
"Cigniti Technologies, Inc.",2,2,106454.0
COLOR-AD INC.,2,2,66518.0
"The Elevance Health Companies, Inc.",2,2,143166.0
"Ana-Data Consulting, Inc.",2,2,101421.0
Ciberlynx Inc,2,2,101421.0
Talent9 Inc. ,2,2,118045.0
Bridgetown Consulting Group Inc,2,2,90022.0
CrossCountry Consulting,2,2,103500.0
ADAEQUARE INC,2,2,126090.0
ADROIT INNOVATIVE SOLUTIONS INC.,2,2,91582.0
"TECHPRO SOLUTIONS, INC.",2,2,102250.0
VSL Electrical Signing Lighting LLC,2,2,95469.0
e-Kare Inc.,2,2,99233.0
VSTRS LLC DBA TekGlobal,2,2,101421.0
Bayer HealthCare LLC,2,2,183587.0
VYSOFT SOLUTIONS INC.,2,2,127000.0
TEKNOWLEAP INC,2,2,138424.0
"DISYS Solutions, Inc. (DSI)",2,2,123250.0
Beacon Hill Solutions Group LLC,2,2,100880.0
"comScore, Inc.",2,2,95953.0
APT HOLDINGS LLC ,2,2,104187.0
DFS Services LLC,2,2,147348.0
Bean Infosystems LLC,2,2,115939.0
"TEXPERTS, INC.",2,2,91770.0
THE CAPITAL MARKETS COMPANY,2,2,137970.0
August IT LLC,2,2,108836.0
AJACE INC,2,2,99630.0
AKRIVIS SOLUTIONS INC,2,2,118310.0
"BUSINESS TECHNOCRATS, INC.",2,2,93300.0
"ACMESOFT GLOBAL, INC.",2,2,107307.0
ALLAGI TECHNOLOGIES INC ,2,2,72800.0
"eRay Technologies, LLC",2,2,122530.0
Swartek Corporation,2,2,125000.0
"iTech US, Inc.",2,2,108836.0
"Dulles Geotechnical and Material Testing Services, Inc.",2,2,111733.0
iSolve Technology Inc.,2,2,120370.0
"Drivestream, Inc.",2,2,183000.0
"B1 IT Solutions, Inc",2,2,128606.0
"DrFirst.com, Inc.",2,2,107290.0
Synapse Business Systems Inc,2,2,85748.0
BANK OF AMERICA N.A.,2,2,148000.0
Dish Wireless LLC,2,2,168252.0
ABHYANTH SOLUTIONS INC ,2,2,113000.0
ABS Tech LLC,2,2,120650.0
"Demeter Analytics Services, LLC",2,2,172000.0
T.E. LLC,2,2,76066.0
"BJ's Wholesale Club, Inc.",2,2,133030.0
TE Connectivity Corporation,2,2,135000.0
VIAC SERVICES COMPANY,2,2,135500.0
Databuoy Corporation,2,2,121250.0
"Databricks, Inc.",2,2,192100.0
"THOUGHT BYTE, INC.",2,2,118550.0
AI Pioneer LLC,2,2,126090.0
Altimetrik Corp,2,2,126090.0
"ANTITHESIS OPERATIONS, LLC.",2,2,115500.0
"AMAZON DEVELOPMENT CENTER U.S., INC. ",2,2,169542.0
ANIRA SOLUTIONS INC,2,2,126090.0
CyberSource Corporation,2,2,150758.0
"ValuePro, Inc",2,2,126090.0
Urgent.ly,2,2,207400.0
"Bluecore, Inc.",2,2,160000.0
"Astute Engineering, PLLC",2,2,96855.0
"Biologics Consulting Group, Inc.",2,2,162500.0
Astor & Sanders Corporation,2,2,153082.0
AMITI CONSULTING INC,2,2,82139.0
"D2Sol, Inc.",2,2,160500.0
Vejars Technologies Inc,2,2,126090.0
TILTIFY INC,2,2,100000.0
"Bode Cellmark Forensics, Inc.",2,2,75153.0
VeloxAI LLC,1,1,87000.0
Virat Solutions Inc,1,1,126090.0
"Regal IT Services, Inc",1,1,106912.0
"Regeneron Pharmaceuticals, Inc.",1,1,151041.0
RCC Global LLC,1,1,175000.0
Virat Solutions Inc.,1,1,126090.0
"VR IT Resources, LLC",1,1,106912.0
RAYVEN IT SOLUTIONS LLC.,1,1,126090.0
Regional Management Corp.,1,1,220000.0
Varmoda Tech LLC,1,1,107000.0
Vanasse Hangen Brustlin Inc,1,1,73507.0
RC4Vets LLC,1,1,75750.0
Virginia Animal Care PLLC,1,1,120000.0
Relis Management Company,1,1,218192.0
VORIZO INFO TECH INC,1,1,104083.0
"Reltio, Inc",1,1,162000.0
"Viscadia, Inc.",1,1,143395.0
"VJ Technosoft, Inc.",1,1,126090.0
RUBISTONE TECHNOLOGIES LLC,1,1,126090.0
RA SOFT LLC,1,1,114400.0
RT Solutions Corporation,1,1,85000.0
Veloce IT Group LLC,1,1,126090.0
"VisiQuate, Inc.",1,1,115939.0
"RAMPS INTERNATIONAL, INC",1,1,132000.0
RSM US LLP,1,1,125000.0
RYZLINK CORP,1,1,86944.0
Remington Construction LLC,1,1,161158.0
"Virtualan Software, LLC",1,1,91582.0
RAMSAI SOFTWARE SOLUTIONS INC,1,1,83200.0
"RPI Consultants, LLC",1,1,152048.0
VLink Inc.,1,1,95784.0
"Remote Tiger, Inc.",1,1,108682.0
RAPID ANALYTICS INC,1,1,91582.0
Vcarve Inc,1,1,126100.0
Venable LLP,1,1,340000.0
"ROVISYS BUILDING TECHNOLOGIES, LLC",1,1,102000.0
"RFID Global Solution, Inc.",1,1,168000.0
"ROGERS & COMPANY CPAS, PLLC",1,1,78000.0
Rand Construction Corporation,1,1,114296.0
Verizon Data Services LLC,1,1,170317.0
Viewsoft Inc.,1,1,101421.0
"Victoire Systems, LLC",1,1,106912.0
"RealPage, Inc.",1,1,135436.0
Raysoft Global INC,1,1,126090.0
RITE CODE TECHNOLOGIES INC.,1,1,101500.0
Ramp Business Corporation,1,1,69535.0
"Range Finance, Inc.",1,1,180000.0
"RELX, Inc.",1,1,130000.0
REHAU Incorporated,1,1,69139.0
RELYCOM INC,1,1,105000.0
"REMOTE TIGER, INC.",1,1,129480.0
"Vici Voice, Inc.",1,1,101421.0
RISE EDGE INC,1,1,106442.0
"Ramsai Software Solutions, INC",1,1,126090.0
"Viavi Solutions, Inc.",1,1,141862.0
REVATURE LLC,1,1,130900.0
"VYZER SOLUTIONS, INC",1,1,127000.0
RLT Technologies,1,1,86000.0
"Ramboll Americas Engineering Solutions, Inc",1,1,77040.0
VRIT Tech INC,1,1,126500.0
"Red Oak Strategic, LLC",1,1,110000.0
Vision IT USA Inc,1,1,83500.0
Vertex Pharmaceuticals Incorporated,1,1,184000.0
RCube IT LLC,1,1,115939.0
"RDM International, Inc.",1,1,112500.0
RE IT SERVICES INC,1,1,101421.0
"ROCKY MOUNTAIN INSTITUTE, INC.",1,1,105230.0
"Radiant Digital Solutions, Inc.",1,1,126090.0
"Redwood Commercial Management, LLC",1,1,95000.0
"Red Hat, LLC",1,1,126090.0
"Vaisnavi Group, LLC",1,1,91600.0
REALTECH SERVICES LLC.,1,1,108160.0
VSERVE SYSTEMS INC,1,1,126090.0
"Radiology Partners Management, LLC",1,1,137000.0
ROBOTICS TECHNOLOGIES LLC,1,1,101421.0
"Vigna, Inc",1,1,101421.0
ROBOT INSIGHT TECHNOLOGIES,1,1,104083.0
"ValueMomentum, Inc. ",1,1,124800.0
ROBAM APPLIANCES LA TRADE LLC,1,1,79997.0
Refyn Data LLC,1,1,126090.0
PureEHS Buyer LLC,1,1,126090.0
Vive Tech Solutions LLC,1,1,126090.0
PayRiva Inc,1,1,165000.0
ZYMO SOLUTIONS LLC,1,1,118310.0
PeopleNTech LLC,1,1,84344.0
Zasti Inc.,1,1,120000.0
"Peninsula Pediatric Dentistry, PC",1,1,416000.0
"ZealTech, Inc",1,1,130811.0
PediaMetrix Inc.,1,1,176800.0
"Zendesk, Inc.",1,1,147107.0
"Pioneer Global, Inc.",1,1,92000.0
Pawlystic LLC,1,1,115939.0
Zenspace IT LLC,1,1,126090.0
"Zillow, Inc.",1,1,150758.0
Parla Dynamics Inc.,1,1,93600.0
"Parker Rodriguez, Inc.",1,1,67725.0
"Zima International, Inc.",1,1,144375.0
ZREYA TECH INC,1,1,101421.0
ZEMOSO TECHNOLOGIES INC,1,1,140837.0
Perficientcorp INC,1,1,101421.0
"Personify, Inc.",1,1,101421.0
Z-Modular LLC,1,1,200000.0
"Yash & Lujan Consulting, Inc.",1,1,155000.0
Petroleum Marketing Group,1,1,112466.0
"YI & COMPANY, LLC",1,1,69139.0
"YAKSHNA SOLUTIONS, INC.",1,1,175200.0
"Xuejuan Dance Ensemble, LLC ",1,1,75026.0
PharmaForceIQ Inc.,1,1,128800.0
Pike Solutions Inc,1,1,145330.0
"Pillars Development, LLC",1,1,97700.0
"Pinecone Systems, Inc.",1,1,236000.0
"Xadel IT, INC.",1,1,126090.0
"XLYSI, LLC",1,1,126090.0
"X Corp Solutions, Inc",1,1,175427.0
Park US Lessee Holdings,1,1,76000.0
Zion Acupuncture LLC,1,1,76960.0
"Parikh, P.C.",1,1,84344.0
PROCAL TECHNOLOGIES INC ,1,1,95000.0
"iZeal, Inc",1,1,106454.0
"PINTEGRA, LLC",1,1,129667.0
iSoft LLC,1,1,92000.0
iClean Air Products LLC,1,1,78000.0
i5 TECH INC,1,1,126100.0
POSITIVE GROUP LLC,1,1,126090.0
POSTOL LAW FIRM PC,1,1,171038.0
POTOMAC CONFERENCE CORPORATION OF SEVENTH-DAY ADVENTISTS,1,1,89868.0
PRASQUARE TECHNOLOGIES LLC,1,1,91582.0
exp U.S. Services Inc.,1,1,132092.0
"PREMIER IT SOLUTIONS, LLC",1,1,105146.0
"eviCore Healthcare MSI, LLC",1,1,116310.0
PRIME BUSINESS TECHNOLOGIES INC,1,1,118310.0
eSimplicity Inc.,1,1,175427.0
PROMINDS BUSINESS CONSULTING INC,1,1,126090.0
"Pareto, Inc.",1,1,175427.0
"ePromptus, Inc.",1,1,126880.0
eNcloud Services LLC,1,1,126090.0
eMaestro technologies Inc,1,1,127000.0
PUBLIC PARTNERSHIPS LLC,1,1,205000.0
"eHealthInsurance Services, Inc.",1,1,115939.0
eClerx LLC,1,1,99403.0
"PY DATA SOLUTIONS, INC",1,1,126090.0
"dotSolved Systems, Inc.",1,1,140000.0
"PYXIS Management Consulting Group, LLC",1,1,120000.0
Pajosys Technologies LLC,1,1,143395.0
cyberThink Inc,1,1,107000.0
Zonestra Technologies LLC,1,1,126090.0
"ZipRecruiter, Inc.",1,1,
"Parallon Enterprises, LLC",1,1,115939.0
"Wiss, Janney, Elstner Associates, Inc.",1,1,90938.0
"Wilco Source, LLC",1,1,126200.0
"Quartermaster AI, Inc",1,1,180000.0
Wake Forest University Health Sciences,1,1,83000.0
"WORLDWIDE MISSION CRITICAL, LLC",1,1,108000.0
WSP USA BUILDINGS INC.,1,1,165006.0
WSP USA Inc.,1,1,90938.0
"WTAnow, LLC",1,1,116000.0
"Pyramid Consulting, Inc. ",1,1,150758.0
"Waggener Edstrom Worldwide, Inc.",1,1,118310.0
VJ TECHNOSOFT INC,1,1,126090.0
"Pisoft, Inc.",1,1,126090.0
Pure Integration LLC,1,1,95000.0
"Punita Group, Inc. ",1,1,56160.0
"Publix Super Markets, Inc.",1,1,175427.0
"Publicis Media, Inc",1,1,153772.0
Pryze App Inc.,1,1,75000.0
"Wallace Montgomery and Associates, LLP",1,1,83075.0
"QCM, Inc",1,1,125778.0
"QUEST GLOBAL SERVICES- N.A., INC.",1,1,126100.0
"QXO, Inc.",1,1,175000.0
Qamise INC,1,1,153462.0
QennectIT LLC,1,1,128461.0
"WISETEK PROVIDERS, INC.",1,1,106475.0
"Quadric IT, LLC",1,1,82950.0
Qual Pro Corporation,1,1,149094.0
"Vyzer Solutions, Inc",1,1,105146.0
Vypra Inc,1,1,101421.0
Qualified Health PBC,1,1,210000.0
Vrunda Technologies LLC,1,1,133500.0
Volto Consulting and Services LLC,1,1,126090.0
"Qualus, LLC",1,1,126464.0
"Quantiphi, Inc.",1,1,130000.0
"Quantum Lending Solutions, Inc.",1,1,150000.0
"Quantum Vision, LLC",1,1,150758.0
ProvinceSoft Inc.,1,1,107000.0
Protestant Episcopal Theological Seminary in Virginia,1,1,68943.0
Walnut Consulting Group LLC,1,1,66000.0
"Premium Labs, Inc.",1,1,130000.0
Pistos IT Services LLC,1,1,126090.0
Pistos It Services LLC,1,1,101421.0
Pivotal Leap LLC,1,1,99500.0
"Plaid, Inc.",1,1,176640.0
"Plateau Software, Inc",1,1,175427.0
"West Virginia University Hospitals, Inc.",1,1,171650.0
"Pointe Blank Solutions, LTD",1,1,106000.0
West Virginia University,1,1,75000.0
"Polakams, LLC ",1,1,130000.0
West Publishing Corporation,1,1,105472.0
Potomac Economics Ltd.,1,1,114899.0
PowerSchool Group LLC,1,1,124717.0
"Powerup Technology, Inc.",1,1,220375.0
"Premier, Inc.",1,1,132600.0
"Weris, Inc.",1,1,75748.0
"Protech Dental Lab, Inc",1,1,88000.0
"Press Mechanical, Inc.",1,1,110000.0
"Private Tech, Inc.",1,1,260000.0
"Washon MedData, Inc.",1,1,92000.0
"Washingtonian Law, PLLC",1,1,97698.0
"Privilege Underwriters, Inc.",1,1,143395.0
"Washington University of Science and Technology, LLC",1,1,103943.0
ProKatchers LLC,1,1,170872.0
Prodigy Technologies Inc,1,1,126090.0
Professional Geotechnical Engineeri,1,1,95000.0
Washington University of Science and Technology LLC,1,1,83470.0
Progress Rehabilitation Network LLC,1,1,98000.0
Warren and Carter Technologies Inc,1,1,115939.0
"Prorsum Technologies, Inc.",1,1,126090.0
"WarnerMedia Services, LLC",1,1,130431.0
Rentokil North America Inc.,1,1,123963.0
Swansu Inc,1,1,150758.0
"Resultant, LLC",1,1,225000.0
"SkilzMatrix Digital, LLC",1,1,151000.0
Smile Daily LLC,1,1,90000.0
SmartDW Inc,1,1,91582.0
TechData Service Company LLC,1,1,115000.0
"Slalom, Inc.",1,1,103998.0
"Sky Chefs, LLC",1,1,99615.0
Techathon Inc,1,1,126500.0
Skill Voice Inc.,1,1,126090.0
Smoore Labs,1,1,113696.0
"Skience, LLC",1,1,145330.0
"TechnoServe, Inc",1,1,84000.0
Skience LLC,1,1,101421.0
Singh Law Firm P.A.,1,1,90000.0
"Silvercrest Asset Management Group, LLC",1,1,69139.0
Silver Oak Technologies LLC,1,1,152048.0
Tech20 Solutions Inc,1,1,91582.0
"Tech-Lance Solutions, Inc.",1,1,126090.0
Shiyi Tealicious LLC,1,1,88192.0
Softtechers LLC,1,1,150758.0
Solid Construction Inc.,1,1,83034.0
"Sohum Systems, LLC",1,1,126090.0
Tango Management Consulting LLC,1,1,134550.0
Targeted Victory,1,1,57000.0
"Targeted Victory, LLC",1,1,102568.0
TeKCommands Inc,1,1,101421.0
Tecaholic LLC,1,1,115939.0
Tech VISTA LLC,1,1,126090.0
"Softility, Inc. ",1,1,151000.0
Tech Savants LLC,1,1,134160.0
Softcom Systems Inc,1,1,126250.0
SoftPath Technologies LLC,1,1,126090.0
"SoftCorp International, Inc.",1,1,126090.0
"Snorkel AI, Inc.",1,1,172000.0
Signin Soft Inc,1,1,126090.0
Shiv Software Experts LLC,1,1,91582.0
Talent Connect Solutions LLC,1,1,90000.0
"Savi Technologies, Inc",1,1,126090.0
TekSquilt Inc,1,1,101421.0
"SchooLinks, Inc.",1,1,139768.0
"Schmidt Special Studies Project, LLC",1,1,77300.0
"TekSyntax, Inc.",1,1,83200.0
Tekaccel Inc,1,1,97344.0
"Saviynt, Inc.",1,1,149698.0
"Savannah Holding Company, Inc.",1,1,72000.0
"Tek Grove, LLC",1,1,126880.0
"Tekcel Consulting, Inc.",1,1,106500.0
"Tekfinite, Inc.",1,1,102000.0
Saransh Inc,1,1,101421.0
Sara Software Systems LLC,1,1,126090.0
Tekspike LLC,1,1,126090.0
"Tektronix, Inc.",1,1,126152.0
Tek Leaders Inc,1,1,127000.0
"Tegna, Inc.",1,1,140250.0
"Shift4 Payments, LLC",1,1,118286.0
"Technumen, Inc.",1,1,126090.0
"Shield AI, Inc.",1,1,228571.0
"Technology Solution Providers, Inc",1,1,120000.0
Setty & Associates LTD,1,1,107037.0
"Technova Systems, Inc.",1,1,106454.0
Technoyon Inc. formerly known as Xcelligen Systems Inc.,1,1,101421.0
Sentara Health,1,1,131082.0
"Techorbit, Inc.",1,1,95300.0
"Techpro Solutions, Inc.",1,1,75000.0
Select Minds LLC,1,1,115939.0
"SeatGeek, Inc.",1,1,150000.0
Seagate US LLC,1,1,116616.0
"Techouts, Inc.",1,1,140850.0
"ScienceLogic, Inc.",1,1,104000.0
"Techpoint, LLC",1,1,88462.0
"Solomons International, LLC",1,1,126091.0
Solution Street LLC,1,1,164800.0
RevereIT LLC,1,1,124800.0
TECHNOSOFT CORPORATION,1,1,126090.0
TECHNICAL STRATEGIES INC,1,1,101500.0
TECHNOCRAFT SOLUTIONS LLC,1,1,115944.0
TECHNOFIX IT SOLUTIONS LLC.,1,1,112466.0
"Stride, Inc.",1,1,141211.0
PFIZER INC.,1,1,135100.0
"Stratez Infotech, Inc",1,1,116000.0
"TECHNOVERA, INC",1,1,127000.0
"Structural Engineering Group, Inc.",1,1,104000.0
"TECHPILLARS, INC.",1,1,126100.0
"Strategic Solutions Group, LLC",1,1,155000.0
"TECHQUEST SOLUTIONS, LLC.",1,1,101600.0
"Strategic Funding Source, Inc.",1,1,88462.0
"Strategic Alternative Funds Group, LLC",1,1,90000.0
TECHZION IT SOLUTIONS INC,1,1,126090.0
"Stripe, LLC",1,1,174720.0
TECHEVISION LLC,1,1,80000.0
TEKALLIANZ CORPORATION,1,1,110000.0
Sunraise Technologies INC,1,1,91582.0
Sunshare LLC,1,1,154710.0
"Switch, Ltd.",1,1,287000.0
Syllable Corporation,1,1,150000.0
"Sunset Pool Management, Inc.",1,1,77200.0
Synaptitude Inc.,1,1,145000.0
"Synchronisys, Inc.",1,1,108160.0
Syneren Technologies Corporation,1,1,86700.0
T.Y. Lin International,1,1,153600.0
"Synergy Business Innovation & Solutions, Inc.",1,1,140837.0
Synergy Consultants & CPAs LLC,1,1,70000.0
Syntage Tech LLC,1,1,126090.0
SunRaise Technologies Inc,1,1,83200.0
T Industries Inc.,1,1,165000.0
SunLight Technologies Inc,1,1,150758.0
TEK-STAR CORPORATION,1,1,126090.0
"TEKINTELI, INC",1,1,126100.0
SolveIT Services Inc,1,1,118310.0
Southland Industries,1,1,98800.0
"Speridian Technologies, LLC",1,1,126100.0
"Specialized Bicycle Components, Inc.",1,1,175427.0
TRC Environmental Corporation,1,1,101421.0
"SpartanNash Associates, LLC",1,1,144787.0
Sparksoft Corporation,1,1,140000.0
"TRC Solutions, Inc.",1,1,95326.0
Source Infotech Inc.,1,1,126500.0
"TORC Robotics, Inc.",1,1,211078.0
TRUSTEES OF BOSTON UNIVERSITY,1,1,76440.0
"TSOURCE, LLC",1,1,158350.0
Soniks Consulting LLC,1,1,101421.0
TYRULA LLC,1,1,140000.0
Somireddy Law Group PLLC,1,1,123240.0
"Tadjer-Cohen-Edelson Associates, Inc.",1,1,74880.0
Sperion LLC,1,1,126880.0
"SpringML, Inc. ",1,1,107100.0
Stooge Inc,1,1,108000.0
Sterling Jewelers Inc.,1,1,163363.0
"Stone Hot Pizza of Skyline, LLC",1,1,84344.0
"TEKSTAR IT SERVICES, LLC",1,1,97344.0
TEKSTROM INC.,1,1,126500.0
"Stoke Therapeutics, Inc.",1,1,126136.0
"TEKsystems Global Services, LLC",1,1,155000.0
"Sticky.io, Inc.",1,1,120000.0
THE STONE STUDIO LLC,1,1,80000.0
TOPSYS IT SOLUTIONS LLC,1,1,115939.0
THINKLUSIVE INC.,1,1,101421.0
"StayNTouch, Inc.",1,1,130562.0
"Stanley Black and Decker, Inc.",1,1,172379.0
Stanley Black & Decker Inc.,1,1,169600.0
Staffingspot LLC,1,1,106912.0
TK Softtech Solutions LLC,1,1,115000.0
"Sapot Systems, Inc",1,1,126090.0
Teleworker Inc.,1,1,127200.0
Sapient Corporation,1,1,135744.0
"Upskill Consultancy, Inc.",1,1,115939.0
SBE LLC,1,1,70000.0
University of Michigan,1,1,74124.0
"SAVI TECHNOLOGIES, INC",1,1,101421.0
University of Pittsburgh,1,1,62232.0
"SATAIR USA, INC.",1,1,85692.0
SAS Institute Inc.,1,1,140795.0
"Upstart Network, Inc.",1,1,160000.0
"SBS CyberSecurity, LLC",1,1,70298.0
Upward Innovations LLC,1,1,127000.0
"Urban Engineering & Associates, Inc. ",1,1,73507.0
Urbane Systems LLC,1,1,124717.0
"SANGHA CPA, P.C.",1,1,89000.0
SAIKA TECHNOLOGIES INC,1,1,130000.0
"Utimaco, Inc.",1,1,130000.0
"Universal Business Consulting, Inc.",1,1,96000.0
"United IT Solutions, Inc",1,1,126090.0
Super Tech Consulting LLC,1,1,118310.0
UST Global Inc,1,1,168817.0
UBS Business Solutions US LLC,1,1,135000.0
UIPATHTEK LLC,1,1,126090.0
SILA Solutions Group Inc.,1,1,76066.0
UL LLC,1,1,131866.0
UNITED GLOBAL PROFESSIONAL SERVICES INC,1,1,115939.0
USACS Medical Group Ltd.,1,1,260000.0
"Uber Technologies, Inc.",1,1,180000.0
United Granite LLC,1,1,112528.0
"Ulteig Engineers, Inc.",1,1,109725.0
Unique Technology Group Corp.,1,1,126090.0
SERVESYS CORPORATION,1,1,97406.0
SERVE OPERATING CO,1,1,175000.0
SERIMATRIX INC,1,1,115939.0
United Fortune IT Solutions LLC,1,1,106460.0
V-Infotek LLC,1,1,126880.0
"SAI TECHNOLOGIES, LLC.",1,1,106454.0
"Terra Site Constructors, LLC",1,1,90938.0
VIDHA IT SOLUTIONS LLC,1,1,126090.0
VCL Law LLP,1,1,171038.0
"VEN SOFT, LLC.",1,1,106454.0
VERACITY VENTURES INC,1,1,91582.0
"VERSA NETWORKS, INC.",1,1,240000.0
VERTECHIE LLC,1,1,101421.0
Risingstar Design & Build LLC,1,1,77106.0
VIRGINIA THEOLOGICAL SEMINARY,1,1,141740.0
VCA Inc.,1,1,210000.0
Rigas Technologies Inc.,1,1,115939.0
VIRTUAL LABS  INC.,1,1,91582.0
VIRTUSA CORPORATION,1,1,129807.0
Rhino.AI,1,1,176000.0
"Rhein Tech Laboratories, Inc.",1,1,95326.0
VISTALTECH INC,1,1,91582.0
Rocket Limited Partnership,1,1,150758.0
"Rogers & Company, CPAs PLLC",1,1,108472.0
"SAGARSOFT, INC",1,1,158080.0
"VALIANT TEK GROUP, INC.",1,1,115950.0
V.L.S. Systems Inc,1,1,127000.0
"SAAS Technologies, Inc.",1,1,126090.0
"VACATIA, INC.",1,1,140837.0
VAK Consulting LLC,1,1,150000.0
"S&P Global Market Intelligence, Inc.",1,1,171416.0
VALIANT TEK GROUP INC,1,1,116480.0
VARCONS INC,1,1,126090.0
VB Spine LLC,1,1,85000.0
"Rupa Viras Catering Services, LLC",1,1,77106.0
VARIYAS GLOBAL SOLUTIONS INC,1,1,126090.0
Ruha Technologies Inc,1,1,115939.0
"Rubrik, Inc.",1,1,190000.0
Rosendin Electric Inc.,1,1,83160.0
VARIYAS GLOBAL SOLUTIONS INC.,1,1,126090.0
SIRI INFOSOLUTIONS INC.,1,1,107000.0
U.S. BANK NATIONAL ASSOCIATION,1,1,156356.0
"Tyler Technologies, Inc.",1,1,88462.0
SYNTACTECH INC ,1,1,94500.0
"SYSTECHCORP, INC.",1,1,126500.0
"The Most Group, Inc.",1,1,135000.0
The New York Times Company,1,1,173993.0
The Reason Foundation,1,1,99000.0
The Russian School of Mathematics Inc.,1,1,65874.0
SYSCONSULT LLC.,1,1,83470.0
SYNECHRON INC,1,1,105060.0
"Sage Computing, Inc.",1,1,136710.0
SYNAPSIQ LLC,1,1,102170.0
SYDATA INC,1,1,126100.0
"The Wolf Group, PC",1,1,92405.0
SVS TECHNOLOGIES LIMITED,1,1,126090.0
SUPERIOR PAVING CORPORATION ,1,1,111429.0
"Thermo Fisher Scientific, Inc. ",1,1,143395.0
"The MathWorks, Inc.",1,1,175427.0
Sage Metrix Inc,1,1,91582.0
"Twilio, Inc.",1,1,165000.0
"Samsung Semiconductor, Inc.",1,1,233230.0
"Terracon Consultants, Inc.",1,1,84264.0
The Awesome Company,1,1,150000.0
Samtek Inc,1,1,126090.0
"The Baldwin Group Colleague, Inc.",1,1,137000.0
The Care Zoom LLC,1,1,101421.0
The College of William and Mary,1,1,76875.0
"Samsung Electronics America, Inc.",1,1,200000.0
The Lane Construction Corporation,1,1,100000.0
Sallie Mae Bank,1,1,100000.0
Saliense Consulting LLC,1,1,148500.0
The Freedom Bank of Virginia,1,1,73091.0
"Sailpoint Technologies, Inc.",1,1,150500.0
"The Institute for the Psychological Sciences, Inc.",1,1,102420.0
The Jackson Clinics Limited Partnership,1,1,99320.0
STV Incorporated,1,1,108347.0
"Thorlabs, Inc.",1,1,102586.0
"ThoughtFocus, Inc.",1,1,128461.0
SOFTOVAINC,1,1,84448.0
Transurban (USA) Inc.,1,1,202030.0
"SOFTWARE TECHNOLOGY, INC.",1,1,130000.0
"Trianz Consulting, Inc.",1,1,150758.0
Tribis Inc,1,1,105000.0
"Tricopp, Inc.",1,1,175427.0
"Trigent Solutions, Inc.",1,1,120000.0
Trilogy Federal LLC,1,1,115939.0
STM Tennis LLC,1,1,90000.0
Trilok Software Solutions LLC,1,1,114120.0
Trimble Inc. ,1,1,110119.0
Triotek IT INC,1,1,126090.0
SLN SOLUTIONS LLC.,1,1,101421.0
SLM Education Services LLC f/k/a SLM Nitrocollege LLC,1,1,169950.0
"Trustek, Inc. ",1,1,118500.0
"Transcend IT Solutions, LLC",1,1,91582.0
"TransUnion Interactive, Inc.",1,1,102482.0
SRINI SOFT SYSTEMS INC,1,1,101421.0
Trader Interactive LLC,1,1,175427.0
"Total Resource Management, Inc.",1,1,149500.0
"Total Mortgage Services, LLC",1,1,115000.0
"SSATech, Inc.",1,1,126090.0
"SSP America, Inc.",1,1,95000.0
SSTech LLC,1,1,77106.0
"ST Engineering iDirect, Inc.",1,1,207672.0
STA Technology Corporation,1,1,126880.0
"STAXA TECHNOLOGIES, LLC",1,1,126090.0
"Toast, Inc.",1,1,130300.0
TidalWave Tech Inc.,1,1,161000.0
"Thrive Market, Inc.",1,1,185000.0
"Thoughtworks, Inc.",1,1,245000.0
"STECK SYSTEMS, INC",1,1,84344.0
Stratova Trade Group Inc.,1,1,100880.0
"15Five, Inc.",1,1,190000.0
PERSISTENT SYSTEMS LIMITED,1,1,125000.0
Computek Solutions Inc.,1,1,91582.0
ClickSkill LLC,1,1,191000.0
"Clarewood University, Inc.",1,1,85000.0
"Clarewood University Foundation, Inc.",1,1,82118.0
City of Hope National Medical Center,1,1,90074.0
CitiusTech Inc.,1,1,99750.0
Circle Internet Management Services LLC,1,1,154600.0
Cigna Health and Life Insurance Company,1,1,190000.0
Chinese Christian & Missionary Church (CCMC),1,1,75650.0
Chinese Christian & Minisonary Church (CCMC),1,1,69000.0
China Unicom Americas Operations Ltd.,1,1,65749.0
Chelsoft Solutions Co.,1,1,104000.0
"Chain Bridge Bank, N.A.",1,1,69534.0
"Chags Health Information Technology, LLC",1,1,141000.0
Cepheid,1,1,140898.0
"Cengage Learning, Inc.",1,1,125000.0
Cedars-Sinai Medical Center,1,1,157331.0
"Caveonix, Inc.",1,1,101500.0
Catholic Diocese of Arlington,1,1,37898.0
Cascades Data Solutions Inc.,1,1,101421.0
Carnival Corporation,1,1,115939.0
Carmichael Lynch Inc.,1,1,77106.0
Client Software Services LLC.,1,1,130000.0
"Cliff Services Inc.,",1,1,150800.0
"ClimateWorks Foundation, Inc. ",1,1,75234.0
"Cognial Technologies, Inc.",1,1,101500.0
"Compass Group USA, Inc.",1,1,101421.0
"CommunityForce, Inc.",1,1,101421.0
Community Associations Institute ,1,1,151200.0
Columbia College inc,1,1,85280.0
College Board,1,1,175427.0
Collasys LLC,1,1,101500.0
"Coinbase, Inc.",1,1,203940.0
"Cohesity, Inc.",1,1,210638.0
Cognowiz LLC,1,1,115939.0
Code Gravity LLC,1,1,126090.0
ClinChoice Inc.,1,1,97157.0
"Clune Construction Company, LP",1,1,126796.0
Cloudorama Solutions,1,1,101421.0
Cloudninetek LLC,1,1,91582.0
"Cloudera, Inc.",1,1,173565.0
Cloudbridge Solutions Inc,1,1,126090.0
Cloudberg Tec Limited Company,1,1,140837.0
CloudHQ LLC,1,1,161158.0
Cloud Nine Technologies Inc.,1,1,210579.0
Cloud Data Systems Inc,1,1,91582.0
Carlin Springs SNF Operations LLC,1,1,110323.0
"Carey International, Inc.",1,1,175000.0
Career First LLC,1,1,126000.0
"CHUGH CPAS, LLP",1,1,69139.0
CLOUDAVENT LLC,1,1,151840.0
CLOUD SIGMA TECH LLC.,1,1,107000.0
CLOUD RESOURCES LLC,1,1,126090.0
CLOUD ANALYTICS TECHNOLOGIES LLC,1,1,101421.0
CLINRE INC,1,1,118518.0
CLINRE FOUDNATION,1,1,88587.0
CJW CONTRACTORS INC.,1,1,109000.0
CINTURI TECHNOLOGIES LLC.,1,1,93000.0
"CI DESIGN, INC.",1,1,83200.0
CHERRY TECHNOLOGIES INC.,1,1,210000.0
CLOUDHUB9 TECHNOLOGIES LLC,1,1,126090.0
CHENG YUN & ASSOCIATES PLLC,1,1,55266.0
CES Consulting LLC,1,1,108350.0
CDW Technologies LLC,1,1,176000.0
CDW Government LLC,1,1,120000.0
CBG Building Company LLC,1,1,120000.0
"CARPI USA, Inc.",1,1,135000.0
CARDUS INC,1,1,126880.0
CANUS TECH INC,1,1,84344.0
"CACI, INC - FEDERAL",1,1,181953.0
"CLOUDFLARE, INC.",1,1,193000.0
"CLUTCHPOINT, LLC",1,1,126090.0
"CareSource Management Services, LLC",1,1,245457.0
"CUSTOMER VALUE PARTNERS, INC.",1,1,69139.0
"CarGurus, Inc.",1,1,96000.0
Capital Vision Services LLC,1,1,170872.0
Capgemini America Inc,1,1,150758.0
"Cambay Consulting, LLC",1,1,104083.0
"Callan Family Office, LLC",1,1,130000.0
"CYBER INFOTECH, LLC.",1,1,129480.0
CYBER 1 ARMOR INC.,1,1,170000.0
CYBASTION INSTITUTE OF TECHNOLOGY,1,1,99507.0
CVTech Innovations LLC ,1,1,126090.0
"CT Solutions, Inc.",1,1,127000.0
CNCM LLC,1,1,106912.0
CPA Global North America LLC,1,1,73570.0
"COWI North America, Inc.",1,1,90938.0
CORPORATE COMPUTER SOLUTIONS LLC,1,1,145600.0
CONTINENTAL HUB FOR INFO PROCESSING INC,1,1,115939.0
CONCH TECHNOLOGIES INC,1,1,126090.0
COMPUTOMIC SOFTWARE AND CONSULTING LLC,1,1,252500.0
"COM4 Global, Inc",1,1,102000.0
COLLABORATIVE SYSTEMS INC,1,1,126090.0
COGNIER INC,1,1,126090.0
Computech Corporation,1,1,126090.0
"Comstock Holding Companies, Inc.",1,1,90000.0
"Byteforza, Inc.",1,1,91582.0
Concentrix CVG Customer Management Group Inc.,1,1,126090.0
District of Columbia Health Benefit Exchange Authority,1,1,177839.0
District Construction & Management Corp.,1,1,80000.0
Diligent Group LLC,1,1,126360.0
Dignity Home Care LLC,1,1,64792.0
"Digital Turbine, Inc.",1,1,175427.0
Digital Links Inc.,1,1,126090.0
"Dhanu Global Enterprises, Incorporation",1,1,127000.0
"Dexian, LLC",1,1,75000.0
Dentists of Centreville PLLC,1,1,227573.0
Delviom LLC,1,1,175000.0
"Delphic Software Solutions, Inc.",1,1,70700.0
"Deloitte Touche Tohmatsu Services, LLC",1,1,145330.0
Dell USA L.P.,1,1,146338.0
Dell Products L.P.,1,1,210000.0
Delicatessen Services Company LLC,1,1,135000.0
"Delasoft, Inc.",1,1,99403.0
Data S Solutions LLC,1,1,126090.0
"Data Leaf Buyer, LLC",1,1,160000.0
Data Cloud Tek LLC,1,1,126090.0
"DW Solutions, LLC",1,1,148096.0
DW Matrix ,1,1,91582.0
Dobson DaVanzo & Associates LLC,1,1,114330.0
"Dolphin Pool Services, LLC",1,1,80000.0
"Dropbox, Inc.",1,1,151500.0
EQUIMINE INC,1,1,146000.0
Edgesoft Corporation,1,1,115939.0
East West Marble Company,1,1,126090.0
Early Steps Bilingual Pre-School II INC,1,1,35381.0
Eagleforce Associates INC.,1,1,101358.0
ETOUCH SYSTEMS CORPORATION,1,1,128500.0
ETECH GLOBAL IT SOLUTIONS LLC,1,1,97344.0
ETEAM INC,1,1,95000.0
ESOA TECHNOLOGIES,1,1,92000.0
"ERP Global, Inc.",1,1,126090.0
EPAM Systems Inc.,1,1,130000.0
"Dv01, Inc.",1,1,130000.0
"ENSCO Rail, Inc.",1,1,142154.0
"ENGINEERED SERVICES, INC.",1,1,85696.0
EMERGTECH BUSINESS SOLUTIONS INC,1,1,91582.0
"ELLIPSIS HEALTH, INC. ",1,1,260000.0
"ELAVON, INC.",1,1,116512.0
E3 Global Inc.,1,1,127000.0
E.E. REED Construction - East Coast LLC,1,1,92200.0
Dynamic Technology Inc.,1,1,92000.0
Dwell Design Studio LLC,1,1,80184.0
DVG TECH SOLUTIONS LLC.,1,1,101421.0
"DUPLOCLOUD, INC. ",1,1,126090.0
DSV Air & Sea Inc.,1,1,102586.0
"Conviso, Inc. ",1,1,170000.0
Curatio Management Group,1,1,98000.0
Cuisine Solutions Inc.,1,1,122699.0
"Crogl, Inc.",1,1,350000.0
Creative Systems and Consulting LLC,1,1,238822.0
Creative Information Technology Inc.,1,1,103280.0
"Cowbell Cyber, Inc.",1,1,160000.0
"Covenant Holdings Group, LLC.",1,1,65000.0
"Coterie Applications, Inc.",1,1,180044.0
"Cornet Technology, Inc.",1,1,77106.0
"Convergent IT Solutions, Inc",1,1,126090.0
Curry Cuisine LLC,1,1,80000.0
"ControlCase, LLC",1,1,135262.0
"Constant Contact, Inc.",1,1,105000.0
"Consello Technologies, Inc",1,1,106912.0
Conquertech Innovations LLC,1,1,95493.0
"ConquerTech Innovations, LLC",1,1,174720.0
Conflux Systems Inc,1,1,115939.0
Confiz LLC ,1,1,154600.0
"Conduent State & Local Solutions, Inc.",1,1,165000.0
"Concord USA, LLC",1,1,285000.0
Currie & Brown Inc.,1,1,140000.0
"Customer Value Partners, LLC",1,1,69139.0
"DSSC CONSULTING, LLC.",1,1,110100.0
"DC Group, Inc.",1,1,107000.0
DR BERI DDS PLLC,1,1,164299.0
DPR SOLUTIONS INC,1,1,126090.0
"DOYLE, SCHULTZ & BHATIA PLLC",1,1,90000.0
"DNV Energy Insights USA, Inc.",1,1,122642.0
"DIGITAL DATUM, INC.",1,1,70699.0
DFS Construction Corporation,1,1,95000.0
"DENTISTS OF STERLING, PC",1,1,195000.0
DELL PRODUCTS L.P.,1,1,156709.0
DCUBE DATA SCIENCES CORPORATION,1,1,84344.0
DC Capital Partners Management LP,1,1,148096.0
Cyber Nirvana LLC,1,1,101421.0
"DATSON360, LLC",1,1,70117.0
DATASSAY INC,1,1,90000.0
DATAQUEST CORP,1,1,110240.0
"DATAMART SYSTEMS, INC.",1,1,132000.0
DATA AFFECT LLC,1,1,127000.0
CyrusOne Management Services LLC,1,1,117478.0
Cyma Systems Inc,1,1,175500.0
Cyber Sphere LLC,1,1,115939.0
Cyber Space Technologies LLC,1,1,126090.0
C&C Technology Inc.,1,1,169978.0
ByteBridge Technologies LLC,1,1,131082.0
PACE COMPUTER SOLUTIONS INC,1,1,110240.0
Alterstaff Inc.,1,1,91125.0
"ActioNet, Inc.",1,1,102010.0
"Achieva IT, Inc.",1,1,126090.0
"Aarisha, Inc.",1,1,126090.0
Aanvi Cloud Technologies Inc,1,1,126090.0
"AZURION GROUP, INC.",1,1,66560.0
"AVM Consulting, Inc",1,1,99840.0
AVM Consulting Inc,1,1,99840.0
"AVEnterprise, Inc ",1,1,126100.0
AVERON SERVICES INC.,1,1,107000.0
"AVER TECHNOLOGIES, INC.",1,1,120000.0
AUTARCHY SOLUTIONS INC.,1,1,127000.0
ATMANICA Technologies LLC,1,1,101500.0
"ATI HOLDINGS, LLC",1,1,102276.0
"AT&T SERVICES, INC.",1,1,180250.0
"ASTIR IT SOLUTIONS, INC",1,1,126500.0
"ASCII Group, LLC",1,1,101421.0
ASCENDING Inc. ,1,1,145080.0
ARTIFICIAL INTELLIGENCE STAFFING LLC,1,1,84448.0
ARTIFICIAL INTELLIGENCE LLC,1,1,101421.0
ARISTOS TEK,1,1,101500.0
ARDRA TECH SOLUTIONS LLC,1,1,126090.0
"Acumen Solutions, Inc.",1,1,167170.0
Adis Infotech Inc,1,1,121222.0
Adroix Corp,1,1,126090.0
"Akraya, Inc.",1,1,165693.0
Alphataraxia Management LP,1,1,120000.0
"Alpha Omega Integration, LLC",1,1,128798.0
Allstate Skill Amusement LLC,1,1,84344.0
Allspice Inc.,1,1,185000.0
Alliance Insource Inc,1,1,101421.0
"AlixPartners, LLP",1,1,220000.0
Alesig Consulting LLC,1,1,91582.0
"Alation, Inc.",1,1,259772.0
Alarm.com Inc.,1,1,181465.0
Airlines Reporting Corporation ,1,1,122775.0
Advance Auto Business Support LLC,1,1,97344.0
"Airbus Americas, Inc",1,1,126000.0
"Agovx, LLC",1,1,83034.0
Agisol LLC,1,1,141440.0
Agile1 Tech Corporation,1,1,118310.0
Agile Squad Inc,1,1,106912.0
Aetna Medicaid Administrators LLC,1,1,97302.0
"Advertising Analytics, LLC",1,1,121222.0
"Advent Global Solutions Inc.,",1,1,95784.0
Advantage Consulting & Engineering Services Corporation,1,1,63981.0
ARDOR IT SOLUTIONS INC,1,1,101421.0
ARCANE SYSTEMS INC,1,1,71000.0
ARAXIS SYSTEMS INC.,1,1,116000.0
ABTech Solutions LLC,1,1,150758.0
"AEM, Inc.",1,1,73718.0
ADITI LLC,1,1,126200.0
ADITI CONSULTING LLC,1,1,106454.0
ACTFORE INC,1,1,122990.0
ACI Worldwide Corp.,1,1,112050.0
ACI INFOTECH INC,1,1,111000.0
ACD Operations LLC d/b/a AIA Contract Documents,1,1,177392.0
"ACCELERIZE 360, INC.",1,1,126090.0
"AC Power, LLC",1,1,126464.0
"ABD Solutions, Inc.",1,1,84448.0
AES NEXT OPERATIONS LLC,1,1,155250.0
AARNA PRIYA INC,1,1,129000.0
AADYAM TECHNOLOGIES LLC,1,1,101500.0
AAA Virginia Consulting Inc,1,1,104083.0
A&M IT SOLUTIONS LLC,1,1,101430.0
"6COM, INC",1,1,101500.0
6AI INC,1,1,151000.0
3i INFOTECH INC.,1,1,92000.0
"24x7Systems, Inc.",1,1,176800.0
247Solar Inc.,1,1,140000.0
AES Clean Energy Services LLC,1,1,100000.0
AES Services Inc.,1,1,175000.0
APTIVA CORP,1,1,126090.0
AMERICAN PUBLIC POWER ASSOCIATION,1,1,126464.0
"APPTRICS, LLC",1,1,126250.0
APLOMB TECHNOLOGIES INC.,1,1,101421.0
APEXUS TECH LLC,1,1,91125.0
ANVIM TECH INC.,1,1,152048.0
"ANRA TECHNOLOGIES, INC.",1,1,100000.0
ANJS Technologies LLC,1,1,126090.0
ANCHOR HOMES LLC,1,1,109200.0
AMG TECHNOLOGY,1,1,89440.0
AMERITECH GLOBAL INC.,1,1,104083.0
AMERICAN IT SOLUTIONS INC.,1,1,150758.0
AG INFOTEK INC,1,1,150758.0
"AM of Washington DC, LLC",1,1,61715.0
ALTEXT INC,1,1,95784.0
"ALStream Tech, Inc.",1,1,131997.0
ALLWYN CORPORATION,1,1,126090.0
ALGORITHM INC,1,1,126880.0
AKAMAITEK LLC,1,1,152048.0
"AIVION, INC.",1,1,89000.0
AIR Worldwide Corporation,1,1,145000.0
"AGREEYA SOLUTIONS, INC.",1,1,126090.0
"Alten Technology USA, Inc.",1,1,106933.0
"Alvarez & Marsal Corporate Performance Improvement, LLC",1,1,170000.0
"Business Computers Management Consulting Group, LLC",1,1,165000.0
"Amazon Data Services, Inc.`",1,1,124692.0
BinTech Group LLC,1,1,126090.0
Better Life 4 Forbidden Country,1,1,90938.0
"Behavox, Inc.",1,1,201000.0
Bechtel Power Corporation,1,1,180312.0
Barton Malow Holdings LLC,1,1,73507.0
Balsam Brands Inc.,1,1,193592.0
"Baker Concrete Construction, Inc.",1,1,115180.0
Baim Institute for Clinical Research,1,1,95829.0
BYTEDANCE INC.,1,1,93018.0
"BUSINESS INTELLIGENCE SYSTEMS, INC.",1,1,122720.0
BRINGWISE LLC,1,1,129480.0
BRILLIANT INFOTECH INC.,1,1,126500.0
BPX USA Inc.,1,1,118310.0
BPM BI INC.,1,1,116000.0
"BLEND360, LLC",1,1,123050.0
BITSolutionsus LLC,1,1,91582.0
BENECIAS LLC.,1,1,98000.0
BEESY LLC,1,1,101421.0
BCT CONSULTING INC.,1,1,99200.0
"BC Architects Engineers, PLC",1,1,73507.0
"B. Riley Securities, Inc.",1,1,260000.0
"Biome Analytics, Inc.",1,1,115939.0
Biswas Information Technology Solutions Inc.,1,1,150758.0
"Bits And Binaries, Inc.",1,1,126090.0
Brathon Consulting LLC,1,1,126090.0
BusRight Inc.,1,1,120000.0
BusPatrol America LLC,1,1,120000.0
"Bublup, Inc.",1,1,200000.0
Brookfield Dental Associates LLC,1,1,128960.0
Broad Peak Systems Inc,1,1,126100.0
"Brillfy Technology, Inc",1,1,91600.0
Bridgesoft Infosec LLC,1,1,106500.0
Bridgenext Digital Engineering Inc.,1,1,160000.0
"Bridgecross, LLC",1,1,175000.0
"Bowman Consulting Group, Ltd.",1,1,76000.0
"Block, Inc.",1,1,192920.0
Booz Allen Hamilton Inc.,1,1,192194.0
"Books International, Inc.",1,1,145000.0
BonCamel Inc.,1,1,91200.0
Bolivian Health Services LLC,1,1,75800.0
BlupaceUS LLC,1,1,118310.0
Bluezone Consulting Services LLC,1,1,126090.0
BlueVoyant Management LLC,1,1,170000.0
Blossom Solutions Inc.,1,1,126090.0
"Block, Inc. ",1,1,196328.0
"B-Stock Solutions, LLC",1,1,88462.0
"Azzad Asset Managment, Inc.",1,1,85000.0
Ayven Soft LLC,1,1,118310.0
"Amzur Technologies, Inc.",1,1,126090.0
Applied Computer Techniques Inc.,1,1,140837.0
"Aplomb Technologies, Inc.",1,1,105000.0
Apexsync Technologies LLC,1,1,106080.0
"Apex Infrastructure Consultants, LLC",1,1,170000.0
"Anybill Financial Services, Inc.",1,1,70699.0
AnnaSudha Community Kitchens Corp,1,1,86861.0
Ann & Robert H. Lurie Children's Hospital of Chicago,1,1,118726.0
Anderson Cooper Group PC,1,1,75442.0
Anagh Technologies Inc,1,1,116480.0
Amgen Inc.,1,1,144900.0
Appteon Inc.,1,1,118000.0
Amerisoft Corporation ,1,1,101421.0
"American Unit, Inc",1,1,104500.0
"American Real Estate Partners Management, LLC",1,1,190000.0
American Quartz Granite LLC,1,1,131000.0
"American Contracting & Environmental Services, Inc.",1,1,92360.0
American Automatic Sprinkler Co Inc,1,1,130000.0
"American Anesthesiology of Virginia, P.C.",1,1,239200.0
"AmeriGas Propane, Inc.",1,1,134963.0
"Ambassadors for Christ, Inc.",1,1,80000.0
Apps Solutions Inc,1,1,126090.0
"Arbiter AI, LLC",1,1,225000.0
"Axon Enterprise, Inc.",1,1,150000.0
"Atropos Health, Inc.",1,1,190000.0
"Axis Tech, Inc.",1,1,122720.0
"Avant Systems, Inc.",1,1,112755.0
"AvalonBay Communities, Inc.",1,1,151000.0
"Autodesk, Inc.",1,1,187200.0
Auterion Inc.,1,1,185078.0
Auterion Inc,1,1,175427.0
"Aurigo Software Technologies, Inc.",1,1,140837.0
"Aurality, Inc.",1,1,122000.0
Attain Finance LLC,1,1,96699.0
Atlas Labs Inc.,1,1,300000.0
"Arcadis U.S., Inc.",1,1,105789.0
Atlan Inc,1,1,176000.0
Ashoka,1,1,83034.0
AscentIT LLC,1,1,128461.0
Ascension Health Alliance,1,1,175000.0
"Aruna Info, Inc.",1,1,140837.0
Army Navy Country Club,1,1,70000.0
"Arista Networks, Inc.",1,1,111067.0
"Archer Grey, LLC",1,1,145000.0
Arche Resources LLC,1,1,116480.0
EdifyAlly LLC,1,1,118560.0
"Edunexus, Inc.",1,1,94016.0
Egen Solutions LLC,1,1,102000.0
Mavirik Solutions LLC,1,1,126090.0
MAJUS Consulting LLC,1,1,135000.0
M3 GLOBAL INC,1,1,126090.0
Luminas LLC,1,1,110000.0
Lucent Systems Inc,1,1,115939.0
"Lovelytics Data, LLC",1,1,102000.0
"Loudoun Medical Group, P.C.",1,1,300000.0
"Logic Soft, INC.",1,1,145600.0
Lodestar Systems Inc,1,1,101920.0
Lockheed Martin Corporation,1,1,182220.0
LiveMindz Services Inc,1,1,88462.0
"Live Nation Worldwide, Inc. ",1,1,132000.0
"Liquidity Services, Inc.",1,1,128461.0
LinkedIn Corporation,1,1,146744.0
Lincoln Property Company Commercial LLC,1,1,90000.0
LinQ Global Group LLC,1,1,126090.0
Lighthouse Assets LLC,1,1,77106.0
"Libertycom, LLC",1,1,126090.0
Liberty Mutual Technology Group Inc.,1,1,106454.0
LexisNexis Risk Solutions Inc.,1,1,136049.0
Lex Nimble Solutions Inc.,1,1,115939.0
League Corp,1,1,192800.0
"MAXSA Innovations, LLC",1,1,72000.0
MEDLAUNCH CONCEPTS LLC,1,1,101421.0
MEP Designs Inc,1,1,95000.0
MULTIVISION LLC,1,1,126090.0
Marymount University,1,1,91000.0
Marvel Tech Groups Inc,1,1,101500.0
"Mars, Incorporated",1,1,190000.0
"Maptician, Inc.",1,1,112466.0
Maplebear Inc.,1,1,180000.0
Mansai Corporation,1,1,126090.0
Madison Energy Holdings LLC,1,1,126901.0
Macias Gini & O'Connell LLP,1,1,103613.0
MYTHRI CONSULTING LLC,1,1,126090.0
"MTX Group, Inc.",1,1,142800.0
"MERIDIAN SOFTWARE SOLUTIONS, INC.",1,1,91600.0
MTFA ARCHITECTURE PLLC,1,1,78000.0
"MNTN, Inc.",1,1,220000.0
MLU Corporation,1,1,73600.0
ML TECHNOLOGIES LLC.,1,1,104083.0
"MI Softech, Inc",1,1,126090.0
MGA Entertainment Inc.,1,1,260000.0
METTA MONTESSORI SCHOOL LLC.,1,1,55930.0
META IT SYSTEMS LLC,1,1,106912.0
"MERP Systems, Inc.",1,1,106460.0
Lead IT Corporation,1,1,97344.0
"LandDesign, Inc.",1,1,72000.0
"Land Development Consultants, Inc.",1,1,91000.0
KELLTON TECH INC.,1,1,150758.0
"KMC, Inc. ",1,1,156000.0
KLICK OASIS SYSTEMS INC,1,1,163030.0
KLA Corporation,1,1,126152.0
"KIP Information Technologies, Inc.",1,1,150758.0
KHANI STAFFING TECH CORP,1,1,95326.0
KGATE Technologies Inc,1,1,126100.0
KEYSTONE TECHNOLOGY PARTNERS INC,1,1,126090.0
"KEYSIGHT TECHNOLOGIES, INC.",1,1,112112.0
"KEYPIXEL SOFTWARE SOLUTIONS, LLC.",1,1,126090.0
KASTECH SOLUTIONS LLC,1,1,126100.0
"KMM TECHNOLOGIES, INC",1,1,151000.0
K Tek Soft Inc,1,1,101421.0
"Juume AI, Inc.",1,1,75000.0
Juju Tech LLC,1,1,121222.0
Joveo Inc.,1,1,144000.0
Josh Pros LLC,1,1,126880.0
"Jeff Lipsey Bookkeeping, LLC",1,1,93600.0
Jane's Group Americas LLC,1,1,83034.0
JUNO-LOUDOUN LLC,1,1,90000.0
JSI RESEARCH & TRAINING INSTITUTE,1,1,128419.0
KMINDS LLC,1,1,126090.0
KNACK NY INC,1,1,115939.0
"LXA Group, Inc",1,1,88462.0
Knacksoft LLC,1,1,115939.0
"LUZON TECHNOLOGIES, INC.",1,1,101421.0
LPL Financial LLC,1,1,170000.0
"LOGICATECH,INC",1,1,126880.0
Kyndryl Inc.,1,1,214917.0
Kumo IT Services Inc.,1,1,150758.0
"Kpriyan IT Enterprise Solutions, LLC",1,1,104000.0
Korea-US Quantum Technology Cooperation Center,1,1,166400.0
Kodeva LLC,1,1,118310.0
"KnowBe4, Inc.",1,1,115939.0
"Klarity Intelligence, Inc.",1,1,230000.0
KSApex LLC,1,1,106500.0
"Kimley-Horn and Associates, Inc.",1,1,119948.0
"Keya Accounting and Tax Services, LLC",1,1,56493.0
KeyBank National Association,1,1,130000.0
Kerecis LLC,1,1,75000.0
"Kentik Technologies, Inc.",1,1,160000.0
"Kapsch TrafficCom USA, Inc",1,1,150758.0
Kalven Technologies Inc.,1,1,126090.0
Kajeet Inc.,1,1,124200.0
"KYM Advisors, Inc.",1,1,70117.0
Massachusetts Mutual Life Insurance Company,1,1,175427.0
Mayer Brown LLP,1,1,435000.0
Eiserone LLC,1,1,101421.0
"McKenna & Associates, LLC",1,1,148096.0
Nyquiste Corporation,1,1,101421.0
Nuvitek LLC,1,1,200000.0
"NucleusTeq, Inc.",1,1,115000.0
Novi IT Inc.,1,1,104083.0
Northstar Technologies Inc,1,1,135200.0
"Northern Virginia Oral & Maxillofacial Surgery Associates, PC",1,1,196061.0
Northern Virginia Juvenile Detention Commission,1,1,73478.0
Northeastern University,1,1,82888.0
Nokia of America Corporation,1,1,151111.0
"Noesys, Inc",1,1,91582.0
Noblesoft Solutions Inc,1,1,150800.0
"NobleSoft Solutions, Inc.",1,1,115940.0
"Nivid Infotech, Inc",1,1,91582.0
Niche IT Software Solutions LLC,1,1,122990.0
Nexxen Inc. ,1,1,221000.0
Nextgen IT Solutions Inc,1,1,73466.0
Neutron Holdings Inc. ,1,1,240000.0
"NetScout Systems, Inc.",1,1,137010.0
Neoitek Systems Inc.,1,1,126090.0
Nationwide Mutual Insurance Company,1,1,117670.0
"National Rehabilitation Hospital, Inc.",1,1,110473.0
O2 TECHNOLOGIES INC,1,1,99000.0
OKOS Solutions LLC,1,1,66400.0
ONEUS Technologies LLC,1,1,106912.0
"Optimal Satcom, Inc",1,1,80500.0
Orpine Inc,1,1,126090.0
Oriontek Inc.,1,1,126090.0
Origami Risk LLC,1,1,179469.0
Orien Solutions Inc,1,1,91582.0
Oregon State University,1,1,106560.0
Ordinary Theory LLC,1,1,70699.0
"Orbis America, Inc.",1,1,152100.0
"Ora, Inc.",1,1,97157.0
Ora Apps Inc,1,1,152048.0
"Optilogic, Inc.",1,1,130000.0
OPTIMUS UNIT LLC,1,1,106454.0
"OpenGov, Inc.",1,1,148096.0
"Onyx Design and Consulting, LLC",1,1,108347.0
"Onur Ulgen, Inc.",1,1,150758.0
OneMain General Services Corporation,1,1,114011.0
Olympus Corporation of the Americas,1,1,82139.0
Ofinno LLC,1,1,135000.0
Oberon IT Inc,1,1,95000.0
"OUTDOOR CAP COMPANY, INC.",1,1,70117.0
OST INC,1,1,73570.0
National Board of Medical Examiners,1,1,144570.0
"National Association of Scholars, Inc",1,1,92000.0
Napa Analytics LLC,1,1,151000.0
Metrix IT Solutions INC,1,1,126090.0
Miruvor LLC,1,1,163363.0
"Mine Vision Holdings, Inc.",1,1,106000.0
"MindPROS, Inc.",1,1,126100.0
Mightycause Corporation,1,1,126090.0
"Midwest Veterinary Partners, LLC, d/b/a Clarendon Animal Care North",1,1,140000.0
MicroStrategy Services Corporation,1,1,140000.0
Michigan Public Health Institute,1,1,102100.0
"Michael W. Sim & Company, P.C.",1,1,88816.0
"Metropolis Employee Services, LLC",1,1,143395.0
"Metanoia Solutions, Inc.",1,1,126090.0
"Moody's Analytics, Inc.",1,1,105667.0
Metahorizon Inc.,1,1,88462.0
"Mercury Intermedia, Inc.",1,1,101421.0
"Mercury Insurance Services, LLC",1,1,170872.0
Mega Glass LLC,1,1,108451.0
"Meerutech, LLC",1,1,130000.0
"Medidata Solutions, Inc.",1,1,136000.0
Mcsquared AI LLC,1,1,98000.0
McLeod Health,1,1,146600.0
McKesson Corporation,1,1,345000.0
"MoneyGram International, Inc.",1,1,155000.0
Mosaic Design & Build LLC,1,1,75000.0
NUVITEK LLC,1,1,110000.0
"NESTLE USA, INC",1,1,131222.0
"NTT DATA Services, LLC",1,1,142217.0
"NTT DATA Europe & Latam, Branch in USA, Inc.",1,1,140000.0
NPTE Final Frontier LLC,1,1,125000.0
"NOVICK, KIM & LEE PLLC",1,1,211400.0
NITYOSOFT INCORPORATED,1,1,126090.0
"NIRA, Inc.",1,1,148606.0
NIHA TECHNOLOGIES INC,1,1,106454.0
"NGA GROUP, INC.",1,1,91582.0
NEXT GEN IT,1,1,91582.0
"NESTLE REGIONAL GLOBE OFFICE NORTH AMERICA, INC",1,1,164575.0
"MovePlan USA, Inc.",1,1,82451.0
NEO TECH SOLUTIONS INC.,1,1,106454.0
NEO PRISM SOLUTIONS LLC,1,1,126090.0
NEMO IT SOLUTIONS INC,1,1,105146.0
NEEVSYS INC.,1,1,105000.0
"NB Ventures, Inc.",1,1,209000.0
"NARTAL SYSTEMS, INC.",1,1,120000.0
"MyStudio Academy, Inc",1,1,120000.0
Murat Durdag Insurance Agency INC,1,1,148117.0
"MultiPlan, Inc.",1,1,150758.0
JP Technologies LLC,1,1,106500.0
JNS CONSULTING LLC,1,1,92000.0
"JK Moving & Storage, Inc",1,1,106912.0
JCL Consulting LLC,1,1,109651.0
"GLOBAL DATA MART, INC.",1,1,150800.0
GLACETECH INC,1,1,127000.0
"GIVPOUR, Inc.",1,1,74000.0
"GHS Aviation Group, LLC",1,1,193502.0
"GFT Infrastructure, Inc.",1,1,90938.0
"GE ENERGY MANAGEMENT SERVICES, LLC",1,1,114600.0
GALAXY DIGITAL SERVICES LLC,1,1,115000.0
GAIT SOLUTIONS LLC,1,1,155938.0
"G&D Mobile Security America, Inc.",1,1,102576.0
"Functional Pathways of TN, LLC",1,1,120000.0
Frontier Management LLC,1,1,80000.0
"Freyr,Inc.",1,1,114000.0
Forvis Mazars LLP,1,1,90000.0
"Fortra, LLC",1,1,165000.0
Fortisview LLC,1,1,118310.0
Fors Marsh Group LLC,1,1,110669.0
"Form Energy, Inc.",1,1,147550.0
Forcelogix LLC,1,1,
"Foot Locker Corporate Services, Inc.",1,1,125000.0
"Fonteva, LLC",1,1,134888.0
"Fluidstack, Inc.",1,1,225000.0
GO8 IT Inc,1,1,118310.0
GOGREEN SOLUTIONS INC,1,1,88462.0
"GRA, Incorporated",1,1,171029.0
Global AI Mining,1,1,97698.0
"Goel and Anderson, LLC",1,1,133000.0
"Goal Group, LLC",1,1,126090.0
GlobalLogic Inc.,1,1,112466.0
Global Payment Holding Company,1,1,102569.0
"Global Healthcare Services, LLC",1,1,115939.0
Global Foods Solutions USA Inc.,1,1,202030.0
Global Environment & Technology Foundation,1,1,90000.0
Global Engineering,1,1,113500.0
"Global Behavior Therapy Associates, LLC",1,1,60070.0
GigaCloud Services Inc,1,1,99507.0
GREENBYTE TECHNOLOGIES LLC,1,1,98000.0
"Geriti, Inc.",1,1,101421.0
Genpact LLC,1,1,126090.0
Gap Inc.,1,1,164403.0
Gainwell Technologies LLC,1,1,118310.0
Gaea Group LLC,1,1,60000.0
"GUMGUM, INC.",1,1,172000.0
"GTT, LLC",1,1,101650.0
GSTATE CONSULTING LLC,1,1,88462.0
"GSS INFOTECH CT, INC",1,1,106933.0
Fluence Energy LLC,1,1,212162.0
Flexon Technologies Inc,1,1,84344.0
"Flexera Global, Inc.",1,1,93000.0
"Enternet Business Systems, Inc.",1,1,126250.0
Etekserve Inc,1,1,101421.0
"Essentia Health, Inc.",1,1,108622.0
Equitasit Inc,1,1,126090.0
"Equinix, Inc.",1,1,153088.0
Equifax Inc.,1,1,127684.0
Epsilon Data Management LLC,1,1,128294.0
Epic IT Solutions LLC,1,1,126100.0
"Environmental Systems Research Institute, Inc.",1,1,114400.0
Enterprise64,1,1,125000.0
"Ensono, Inc.",1,1,145333.0
Eversana Life Science Services LLC,1,1,130811.0
Energix EPC US LLC,1,1,165000.0
Endurance Systems LLC,1,1,250000.0
Emcoreai LLC,1,1,89000.0
"EmSi Engineering, Inc.",1,1,90938.0
Elite Tech Solute Inc,1,1,126090.0
Elite IT Solutions Inc,1,1,65957.0
Elite Business Consulting LLC,1,1,126090.0
Electrify America LLC,1,1,140000.0
"Elasticsearch, Inc.",1,1,
"Everest Global Solutions, Inc.",1,1,101421.0
Evolver LLC,1,1,197518.0
"Flatiron Dragados Constructors, Inc.",1,1,177013.0
FORGED FIBER 37 LLC,1,1,131560.0
"Flagstar Bank, NA",1,1,150758.0
Firstpick International LLC,1,1,115939.0
"First Consulting Group, LLC.",1,1,126090.0
FiniteTek Inc,1,1,101421.0
Fiduciary Investment & Risk Management Advisors LLC,1,1,93434.0
Federal Resources Corporation,1,1,89981.0
"Falcon Heating & Air Conditioning, Inc.",1,1,80000.0
Fairfax Information Systems LLC,1,1,73466.0
"Faire Wholesale, Inc.",1,1,310000.0
"FLEXIBLE FINANCE, INC.",1,1,190000.0
Excelon Solutions LLC,1,1,126090.0
"FIS Management Services, LLC",1,1,152363.0
"FIRST TEK, INC.",1,1,126090.0
FASTWATT LLC,1,1,126090.0
FAIR ISAAC CORPORATION,1,1,125176.0
"F.L. Pinto Companies, LLC",1,1,102483.0
Express Enterprize Corporation,1,1,83470.0
"Experity, Inc.",1,1,137904.0
Experis US LLC,1,1,175427.0
Exostar LLC,1,1,195510.0
"Government Scientific Source, Inc",1,1,101421.0
Graduate Management Admission Council,1,1,79934.0
"Gregory P. Luth & Associates, Inc.",1,1,130000.0
"Indelible Changes, LLC",1,1,93600.0
"Infospan, Inc.",1,1,87360.0
Information Unlimited Inc.,1,1,96990.0
"Infor (US), LLC",1,1,177250.0
Infomatics Corp,1,1,115939.0
Infocons Inc,1,1,126090.0
InfoChain Technologies Inc						,1,1,155000.0
"InfoCepts, LLC",1,1,193500.0
"Info Services, LLC",1,1,160000.0
"Infera Health, Inc.",1,1,126090.0
Inbound Partners-LLC,1,1,126090.0
InnovAccer Inc.,1,1,180000.0
InHand Networks Inc.,1,1,186667.0
"Immigrants First, PLLC.",1,1,220000.0
Identity and Access Solutions LLC,1,1,205000.0
"Idea Entity, LLC",1,1,133349.0
"Icore Infotech, Inc.",1,1,127200.0
Iconsoft Inc.,1,1,151000.0
IconicIT Systems inc,1,1,88462.0
"ITSTAC, LLC",1,1,91582.0
"ITEANS AMERICA, LLC.",1,1,131000.0
"Infovision, Inc.",1,1,114000.0
Innovative Dynamic Solutions Global Inc,1,1,120000.0
IT HUB INC,1,1,126090.0
Intensify Technologies Inc.,1,1,124717.0
"JC & ASSOCIATES, APC",1,1,108472.0
Ittechnica Inc,1,1,95784.0
Itex LLC,1,1,118560.0
"Iteris, Inc.",1,1,77678.0
Itech Consulting Group Inc,1,1,101500.0
Iquest Solutions Corp.,1,1,101421.0
Intuites LLC,1,1,126880.0
"International Title & Escrow, Inc.",1,1,111738.0
International Investing Group Inc,1,1,77106.0
"IntelliTek, Inc.",1,1,131040.0
"Inovalon, Inc. ",1,1,191562.0
Intellectt Inc,1,1,126090.0
Intel Corporation ,1,1,126090.0
"IntegrityPro Consulting, LLC",1,1,230000.0
Integration Developer Network LLC,1,1,126090.0
Insurity LLC,1,1,144251.0
"Inspire Resources, LLC",1,1,134450.0
"Insight Direct USA, Inc.",1,1,
"Inseer, Inc.",1,1,115939.0
Inrika Inc,1,1,115939.0
IT TRAILBLAZERS LLC,1,1,175427.0
IT BUSINESS MANAGEMENT SOLUTIONS INC.,1,1,106500.0
"Gusto, Inc.",1,1,255000.0
"Happy Money, Inc.",1,1,119600.0
Home Depot Management Company LLC,1,1,93358.0
Hilton Domestic Operating Company Inc.,1,1,182300.0
Highway Loss Data Institute,1,1,104027.0
"HiddenLayer, Inc.",1,1,185000.0
"Helios Artificial Intelligence, Inc.",1,1,115939.0
Healthy Labs Inc.,1,1,155000.0
"Haus Analytics, Inc.",1,1,195000.0
Harvey Nash Inc.,1,1,151840.0
Harvey AI Corporation,1,1,175427.0
"Haley & Aldrich, Inc.",1,1,100000.0
"Honest Pet, Inc.",1,1,106442.0
Hadiamondstar Software Solutions LLC,1,1,126090.0
HYPERION TECHNOLOGIES LLC,1,1,107661.0
HSF Affiliates LLC,1,1,139500.0
HITT Contracting Inc.,1,1,140000.0
HITEK STAFFING LLC,1,1,84000.0
HITECK SOLUTIONS INC.,1,1,105000.0
"HERMITAGE INFO TECH, LLC.",1,1,106912.0
"HERE North America, LLC",1,1,106442.0
"HDR Architecture, Inc.",1,1,132621.0
HomeDesign Inc,1,1,84802.0
Honeywell International Inc.,1,1,161000.0
IQVIA Digital Inc.,1,1,255000.0
IMMIGRATION LAW OFFICE OF SALEEM GONDEL ESQ LLC,1,1,74922.0
"IQLogg, Inc.",1,1,124800.0
"IP Network Solutions, Inc.",1,1,99291.0
INTEGRATED TECHNOLOGY STRATEGIES INC.,1,1,104000.0
INTALENT LLC,1,1,126100.0
INFOTECH PRISM LLC,1,1,126090.0
INFINITE GATEWAY INC.,1,1,104400.0
"INDUS VALLEY CONSULTANTS, INC.",1,1,88462.0
INDUS GROUP INC.,1,1,90000.0
"INCEDO, INC.",1,1,91582.0
IMG SYSTEMS INC,1,1,126090.0
Horizon IT Inc,1,1,126090.0
ILogixedge LLC,1,1,101421.0
"ILOGIC TEK , L.L.C",1,1,126090.0
"IDOL SOFT, INC.",1,1,155938.0
"ID.me, Inc.",1,1,139050.0
ICS Global Soft Inc,1,1,101421.0
Hyperwater Inc,1,1,126090.0
Hylan Mid-Atlantic LLC,1,1,161158.0
"HydroGeoLogic, Inc.",1,1,83803.0
"HubSpot, Inc.",1,1,165500.0
"Lasership, Inc.",1,1,102500.0
